recibo_id,fecha,tipo_recibo,monto,auditor,tiempo_auditoria_horas,estado,errores_encontrados,satisfaccion_cliente,costo_auditoria,automatizacion_usada
REC-000001,2025-07-30,Complejo,581.56,Laura Martín,20.3,Aprobado,0,5.0,21.53,True
REC-000002,2025-04-20,Complejo,503.33,Carlos López,21.4,Aprobado,1,4.3,18.46,True
REC-000003,2025-06-21,Simple,112.51,Ana García,14.5,Aprobado,3,4.3,8.73,True
REC-000004,2025-10-07,Simple,124.68,Carlos López,8.3,Aprobado,0,4.0,10.13,False
REC-000005,2025-06-01,Muy Complejo,2109.32,Juan Pérez,58.6,Aprobado,0,3.5,38.56,False
REC-000006,2025-09-19,Muy Complejo,1245.02,Laura Martín,56.7,Rechazado,3,3.5,41.86,False
REC-000007,2025-04-23,Muy Complejo,2331.14,Ana García,50.9,Aprobado,0,4.1,39.18,True
REC-000008,2025-07-26,Simple,113.74,María Rodríguez,6.9,Aprobado,1,4.9,10.68,True
REC-000009,2025-09-02,Complejo,477.42,María Rodríguez,18.2,Aprobado,1,4.7,20.04,True
REC-000010,2025-09-08,Complejo,378.73,Carlos López,21.0,Aprobado,0,4.1,18.09,True
REC-000011,2025-07-11,Complejo,705.78,Juan Pérez,25.1,Aprobado,1,3.5,17.96,True
REC-000012,2025-09-20,Simple,88.13,Juan Pérez,11.1,Aprobado,0,4.4,7.08,True
REC-000013,2025-06-19,Muy Complejo,1040.61,Ana García,47.7,Pendiente,0,3.5,40.69,True
REC-000014,2025-08-25,Simple,98.96,Juan Pérez,8.5,Aprobado,0,4.6,8.76,True
REC-000015,2025-07-25,Complejo,367.9,Ana García,24.5,Aprobado,0,4.6,20.86,True
REC-000016,2025-09-29,Simple,53.48,Juan Pérez,12.2,Pendiente,1,3.8,11.85,False
REC-000017,2025-10-13,Muy Complejo,1821.63,Juan Pérez,54.7,Aprobado,1,4.2,41.0,False
REC-000018,2025-04-27,Simple,124.48,Juan Pérez,13.4,Rechazado,2,3.0,8.57,True
REC-000019,2025-08-24,Simple,13.62,Laura Martín,9.6,Aprobado,1,4.8,8.36,True
REC-000020,2025-08-31,Complejo,562.72,María Rodríguez,12.7,Aprobado,0,4.6,19.52,True
REC-000021,2025-05-09,Simple,92.06,Laura Martín,20.2,Aprobado,0,4.9,10.79,True
REC-000022,2025-10-07,Muy Complejo,1937.93,Laura Martín,56.9,Aprobado,1,3.7,38.81,True
REC-000023,2025-06-24,Simple,121.3,Carlos López,12.3,Pendiente,0,3.9,7.84,True
REC-000024,2025-08-23,Simple,110.73,Ana García,13.7,Aprobado,1,3.9,6.62,True
REC-000025,2025-09-17,Muy Complejo,2257.52,Laura Martín,94.2,Aprobado,0,3.9,39.74,False
REC-000026,2025-09-08,Simple,104.95,María Rodríguez,9.4,Aprobado,0,4.5,6.77,True
REC-000027,2025-10-15,Simple,110.63,Laura Martín,6.4,Aprobado,1,3.8,10.43,True
REC-000028,2025-08-12,Simple,77.03,Laura Martín,13.3,Pendiente,1,2.7,6.02,False
REC-000029,2025-07-17,Simple,76.85,Carlos López,17.0,Pendiente,1,3.6,11.16,True
REC-000030,2025-06-26,Complejo,272.09,María Rodríguez,21.1,Rechazado,0,2.6,23.74,True
REC-000031,2025-10-11,Complejo,427.81,Laura Martín,11.4,Aprobado,1,4.1,19.07,True
REC-000032,2025-07-23,Complejo,352.77,Carlos López,26.8,Aprobado,0,4.3,21.32,True
REC-000033,2025-08-20,Simple,114.44,Juan Pérez,13.4,Aprobado,2,4.0,10.42,True
REC-000034,2025-09-19,Complejo,314.27,Juan Pérez,19.1,Aprobado,0,4.4,19.84,True
REC-000035,2025-07-28,Complejo,231.85,Laura Martín,16.7,Aprobado,1,3.9,17.32,True
REC-000036,2025-07-11,Complejo,602.29,Ana García,22.1,Aprobado,2,4.3,20.54,True
REC-000037,2025-08-07,Simple,106.06,Juan Pérez,9.6,Aprobado,1,3.9,9.98,True
REC-000038,2025-08-29,Complejo,772.05,Juan Pérez,26.4,Aprobado,3,3.9,17.29,False
REC-000039,2025-04-23,Simple,113.37,Laura Martín,7.6,Aprobado,3,3.8,9.57,False
REC-000040,2025-10-02,Simple,90.93,Juan Pérez,12.0,Aprobado,1,4.5,11.47,False
REC-000041,2025-07-19,Muy Complejo,1277.2,Ana García,37.9,Aprobado,1,4.2,41.97,False
REC-000042,2025-09-29,Simple,100.74,Ana García,13.5,Aprobado,0,4.9,8.6,False
REC-000043,2025-07-01,Muy Complejo,1944.53,Juan Pérez,59.7,Aprobado,0,3.6,43.18,True
REC-000044,2025-05-16,Simple,110.25,Ana García,17.6,Aprobado,0,3.9,9.19,True
REC-000045,2025-08-30,Muy Complejo,2370.98,Carlos López,65.7,Aprobado,1,4.0,37.66,False
REC-000046,2025-09-11,Muy Complejo,2147.74,Ana García,34.8,Pendiente,2,2.5,38.8,True
REC-000047,2025-04-24,Complejo,745.83,María Rodríguez,25.4,Aprobado,3,3.7,19.72,False
REC-000048,2025-04-22,Simple,131.81,Juan Pérez,16.6,Aprobado,0,2.5,9.46,False
REC-000049,2025-06-07,Complejo,809.11,María Rodríguez,34.5,Aprobado,0,4.9,21.76,True
REC-000050,2025-10-01,Complejo,508.11,Carlos López,25.4,Aprobado,0,4.1,21.44,True
REC-000051,2025-07-06,Simple,129.45,Laura Martín,13.0,Rechazado,3,2.9,9.04,True
REC-000052,2025-08-22,Complejo,481.56,Ana García,23.5,Aprobado,0,5.0,18.37,True
REC-000053,2025-08-28,Simple,98.12,Laura Martín,14.9,Pendiente,1,3.2,12.09,True
REC-000054,2025-05-10,Simple,96.79,Carlos López,8.9,Rechazado,1,2.4,9.45,True
REC-000055,2025-06-13,Complejo,627.7,Ana García,20.3,Aprobado,1,4.2,20.11,False
REC-000056,2025-07-05,Simple,125.54,María Rodríguez,9.0,Aprobado,0,5.0,5.09,True
REC-000057,2025-08-15,Simple,80.6,Juan Pérez,8.8,Aprobado,0,3.1,9.22,True
REC-000058,2025-09-11,Simple,171.23,Ana García,15.0,Aprobado,0,4.6,9.42,True
REC-000059,2025-06-16,Muy Complejo,1300.72,Laura Martín,54.8,Aprobado,0,4.0,39.17,True
REC-000060,2025-07-22,Simple,123.92,Ana García,12.4,Aprobado,1,4.3,13.57,True
REC-000061,2025-10-08,Complejo,415.32,María Rodríguez,18.0,Aprobado,1,4.7,21.53,True
REC-000062,2025-08-22,Simple,183.51,Ana García,7.2,Aprobado,0,5.0,13.97,True
REC-000063,2025-10-03,Complejo,625.35,Ana García,17.2,Aprobado,0,4.8,20.93,True
REC-000064,2025-06-26,Complejo,525.46,Juan Pérez,24.5,Aprobado,2,4.5,20.99,False
REC-000065,2025-06-17,Simple,111.83,María Rodríguez,10.7,Aprobado,1,5.0,11.65,True
REC-000066,2025-07-31,Simple,43.88,Ana García,10.9,Aprobado,1,4.6,10.19,True
REC-000067,2025-10-14,Simple,136.44,Carlos López,9.4,Aprobado,1,4.7,10.16,False
REC-000068,2025-05-26,Complejo,645.51,Ana García,28.3,Aprobado,0,4.4,20.67,True
REC-000069,2025-05-26,Simple,76.62,Juan Pérez,5.4,Aprobado,1,4.6,8.16,False
REC-000070,2025-07-22,Simple,151.18,María Rodríguez,13.6,Aprobado,0,4.3,11.67,True
REC-000071,2025-06-04,Simple,122.86,Carlos López,12.6,Aprobado,0,5.0,11.18,False
REC-000072,2025-06-29,Complejo,409.6,Ana García,31.8,Aprobado,3,5.0,21.05,True
REC-000073,2025-06-10,Simple,69.64,Ana García,7.0,Rechazado,5,2.7,10.63,True
REC-000074,2025-10-15,Simple,93.07,María Rodríguez,14.1,Aprobado,0,3.7,11.03,False
REC-000075,2025-10-12,Simple,103.3,Ana García,15.4,Aprobado,0,3.5,6.18,False
REC-000076,2025-06-19,Simple,177.1,Carlos López,8.7,Aprobado,1,3.4,15.59,True
REC-000077,2025-10-14,Simple,108.7,María Rodríguez,11.2,Aprobado,0,3.6,13.5,True
REC-000078,2025-05-20,Complejo,486.62,María Rodríguez,24.2,Aprobado,1,4.2,19.74,True
REC-000079,2025-07-24,Simple,125.86,María Rodríguez,13.9,Pendiente,1,2.5,8.2,True
REC-000080,2025-07-01,Simple,109.78,Juan Pérez,8.2,Aprobado,1,4.7,8.99,True
REC-000081,2025-08-15,Simple,61.59,Ana García,17.3,Aprobado,0,4.7,9.94,False
REC-000082,2025-08-10,Simple,109.23,Laura Martín,6.9,Aprobado,0,3.7,13.71,True
REC-000083,2025-05-17,Simple,51.11,Ana García,13.7,Aprobado,0,3.9,10.63,True
REC-000084,2025-05-15,Muy Complejo,2128.01,Juan Pérez,59.8,Aprobado,0,4.8,40.51,True
REC-000085,2025-08-18,Simple,111.15,Ana García,11.6,Aprobado,0,3.9,7.19,True
REC-000086,2025-09-29,Complejo,586.1,Carlos López,13.5,Aprobado,1,3.3,19.75,True
REC-000087,2025-07-08,Simple,49.31,Carlos López,15.0,Aprobado,0,3.7,6.44,False
REC-000088,2025-07-31,Simple,121.23,Laura Martín,10.3,Aprobado,1,4.0,8.68,False
REC-000089,2025-06-06,Simple,97.77,Juan Pérez,13.9,Aprobado,2,4.8,12.12,False
REC-000090,2025-05-13,Muy Complejo,2677.42,Ana García,60.3,Pendiente,0,3.8,40.42,True
REC-000091,2025-07-13,Muy Complejo,2223.32,Carlos López,45.4,Aprobado,1,4.2,38.67,True
REC-000092,2025-07-30,Simple,57.85,Juan Pérez,13.5,Aprobado,1,3.2,7.43,True
REC-000093,2025-08-16,Simple,80.48,Carlos López,15.1,Aprobado,0,4.1,11.99,True
REC-000094,2025-05-22,Simple,102.47,María Rodríguez,15.2,Aprobado,0,4.2,8.89,True
REC-000095,2025-08-17,Complejo,247.73,Laura Martín,13.4,Aprobado,0,3.3,19.4,False
REC-000096,2025-09-11,Simple,98.96,Ana García,12.7,Aprobado,0,4.5,6.93,False
REC-000097,2025-06-20,Muy Complejo,3154.86,Ana García,40.0,Aprobado,0,4.8,39.34,True
REC-000098,2025-08-06,Simple,84.47,Ana García,10.2,Pendiente,3,5.0,10.94,True
REC-000099,2025-08-19,Simple,123.88,María Rodríguez,15.1,Rechazado,2,3.9,13.59,True
REC-000100,2025-08-01,Simple,94.57,María Rodríguez,6.7,Pendiente,3,3.4,8.4,True
REC-000101,2025-06-29,Complejo,506.84,Laura Martín,20.2,Aprobado,1,4.2,22.38,True
REC-000102,2025-07-20,Muy Complejo,2932.5,María Rodríguez,57.8,Rechazado,4,2.5,38.1,True
REC-000103,2025-10-05,Simple,72.15,Laura Martín,13.8,Rechazado,1,2.7,10.29,True
REC-000104,2025-09-23,Muy Complejo,1594.61,Carlos López,58.3,Aprobado,1,3.5,41.49,True
REC-000105,2025-07-15,Complejo,441.36,Carlos López,20.0,Aprobado,1,4.5,18.59,False
REC-000106,2025-09-13,Complejo,472.04,Ana García,21.6,Rechazado,2,4.2,18.52,True
REC-000107,2025-04-25,Simple,86.53,María Rodríguez,15.4,Aprobado,0,4.1,7.55,False
REC-000108,2025-07-26,Simple,113.2,Laura Martín,10.5,Aprobado,2,4.4,10.49,False
REC-000109,2025-07-11,Simple,126.94,Carlos López,11.4,Aprobado,0,3.6,12.89,False
REC-000110,2025-05-15,Muy Complejo,2134.83,Laura Martín,45.2,Aprobado,0,4.0,40.05,False
REC-000111,2025-10-07,Simple,105.9,Ana García,14.1,Aprobado,0,3.5,11.21,True
REC-000112,2025-10-11,Simple,103.84,Laura Martín,10.0,Aprobado,0,5.0,9.23,True
REC-000113,2025-07-22,Complejo,682.27,Juan Pérez,28.5,Rechazado,0,2.1,19.9,True
REC-000114,2025-08-17,Simple,99.58,Juan Pérez,10.9,Aprobado,0,3.8,10.08,True
REC-000115,2025-09-26,Complejo,292.19,Carlos López,17.4,Aprobado,1,4.9,21.85,True
REC-000116,2025-04-24,Complejo,269.94,Juan Pérez,29.2,Rechazado,4,2.9,21.9,False
REC-000117,2025-09-19,Simple,150.57,Juan Pérez,10.6,Aprobado,0,4.0,10.85,False
REC-000118,2025-07-27,Complejo,472.09,María Rodríguez,30.3,Aprobado,0,3.5,22.4,True
REC-000119,2025-06-16,Complejo,592.03,Laura Martín,17.9,Aprobado,0,4.0,20.7,False
REC-000120,2025-05-12,Simple,63.23,Juan Pérez,7.6,Aprobado,0,5.0,10.82,True
REC-000121,2025-07-25,Simple,51.01,María Rodríguez,10.3,Aprobado,0,3.9,5.43,False
REC-000122,2025-07-26,Complejo,748.55,Carlos López,14.8,Aprobado,1,4.2,22.35,True
REC-000123,2025-06-17,Simple,146.27,Juan Pérez,17.4,Aprobado,0,4.4,9.83,True
REC-000124,2025-04-23,Simple,85.97,Laura Martín,13.0,Aprobado,0,4.1,11.99,True
REC-000125,2025-07-20,Simple,92.22,Juan Pérez,15.7,Aprobado,1,3.6,6.97,True
REC-000126,2025-10-10,Complejo,682.18,Juan Pérez,23.5,Aprobado,1,3.9,20.09,False
REC-000127,2025-05-25,Muy Complejo,2366.32,Laura Martín,47.0,Aprobado,0,3.8,43.23,True
REC-000128,2025-05-31,Simple,53.67,María Rodríguez,13.5,Aprobado,1,3.7,11.29,False
REC-000129,2025-07-12,Simple,81.29,Laura Martín,17.7,Pendiente,0,3.4,9.95,True
REC-000130,2025-05-14,Complejo,432.66,Ana García,24.4,Aprobado,1,3.7,23.26,False
REC-000131,2025-07-17,Simple,110.27,Ana García,8.7,Rechazado,3,3.0,8.43,False
REC-000132,2025-08-28,Complejo,589.61,Ana García,28.2,Aprobado,1,4.7,17.33,True
REC-000133,2025-06-22,Simple,147.84,Juan Pérez,9.5,Aprobado,0,3.1,13.54,True
REC-000134,2025-04-29,Complejo,663.45,Ana García,33.2,Aprobado,1,4.0,19.96,True
REC-000135,2025-04-30,Simple,51.08,Juan Pérez,12.5,Aprobado,2,4.6,10.56,True
REC-000136,2025-06-08,Simple,94.33,Carlos López,13.7,Aprobado,1,4.5,10.41,True
REC-000137,2025-09-01,Simple,145.44,Ana García,14.3,Pendiente,2,3.7,10.79,True
REC-000138,2025-06-13,Complejo,376.61,Ana García,23.1,Aprobado,0,4.3,24.5,True
REC-000139,2025-05-14,Simple,57.92,Laura Martín,17.2,Pendiente,2,4.1,8.17,False
REC-000140,2025-10-02,Complejo,535.92,Ana García,19.3,Aprobado,0,4.5,19.28,True
REC-000141,2025-09-14,Simple,101.31,Juan Pérez,11.6,Aprobado,1,3.9,10.33,True
REC-000142,2025-06-21,Simple,75.89,Laura Martín,16.9,Aprobado,2,4.4,8.93,True
REC-000143,2025-10-02,Complejo,621.43,Juan Pérez,16.1,Aprobado,0,3.9,17.55,True
REC-000144,2025-06-06,Complejo,421.86,Laura Martín,25.2,Aprobado,0,3.7,21.47,True
REC-000145,2025-07-13,Complejo,750.89,Juan Pérez,26.5,Aprobado,0,3.7,21.26,True
REC-000146,2025-09-23,Simple,77.93,Juan Pérez,15.7,Pendiente,1,3.0,11.58,False
REC-000147,2025-07-11,Complejo,528.81,Ana García,22.1,Aprobado,0,4.1,19.18,True
REC-000148,2025-08-01,Simple,102.62,María Rodríguez,14.1,Rechazado,3,3.1,12.8,True
REC-000149,2025-04-30,Muy Complejo,2040.91,María Rodríguez,46.8,Aprobado,0,3.8,40.87,True
REC-000150,2025-05-02,Simple,64.36,Carlos López,10.9,Aprobado,1,4.3,11.42,True
REC-000151,2025-05-21,Muy Complejo,3232.44,Laura Martín,44.4,Aprobado,2,4.2,37.9,True
REC-000152,2025-07-06,Muy Complejo,2253.88,Juan Pérez,48.6,Aprobado,0,3.7,39.71,True
REC-000153,2025-07-20,Simple,50.31,María Rodríguez,15.8,Aprobado,0,4.2,7.04,False
REC-000154,2025-09-24,Complejo,407.99,Juan Pérez,22.2,Aprobado,1,3.8,18.6,True
REC-000155,2025-09-29,Simple,68.68,Juan Pérez,11.4,Aprobado,1,3.2,15.4,True
REC-000156,2025-07-13,Muy Complejo,1716.4,Laura Martín,43.3,Aprobado,0,3.9,40.78,True
REC-000157,2025-06-22,Simple,112.49,Laura Martín,15.2,Rechazado,3,3.6,9.68,True
REC-000158,2025-05-14,Simple,88.31,Carlos López,13.7,Aprobado,0,3.8,5.45,False
REC-000159,2025-09-06,Simple,108.74,Ana García,9.8,Aprobado,0,4.5,9.02,True
REC-000160,2025-05-09,Complejo,135.24,Ana García,23.4,Aprobado,0,3.6,20.13,False
REC-000161,2025-07-14,Complejo,445.2,María Rodríguez,25.1,Aprobado,2,3.7,17.34,False
REC-000162,2025-08-31,Complejo,338.5,Laura Martín,13.3,Aprobado,1,4.5,22.62,True
REC-000163,2025-10-13,Simple,74.16,Ana García,9.4,Aprobado,0,3.9,11.86,False
REC-000164,2025-08-14,Simple,101.23,Juan Pérez,14.5,Aprobado,0,4.3,8.18,True
REC-000165,2025-06-16,Simple,66.57,Juan Pérez,10.9,Aprobado,0,4.3,9.67,True
REC-000166,2025-08-18,Complejo,474.93,Laura Martín,25.7,Aprobado,2,4.8,18.4,True
REC-000167,2025-07-19,Simple,97.17,Juan Pérez,11.7,Rechazado,4,3.0,15.2,True
REC-000168,2025-05-07,Simple,104.88,Ana García,9.4,Rechazado,2,3.4,8.15,False
REC-000169,2025-07-31,Simple,110.17,Ana García,14.5,Aprobado,1,3.9,7.78,False
REC-000170,2025-09-29,Simple,76.45,Carlos López,13.9,Rechazado,5,3.9,7.5,False
REC-000171,2025-09-19,Simple,150.43,Laura Martín,9.7,Aprobado,0,4.0,7.64,True
REC-000172,2025-06-28,Simple,83.07,Carlos López,12.6,Aprobado,0,5.0,11.91,False
REC-000173,2025-09-24,Simple,132.71,María Rodríguez,7.7,Aprobado,0,4.5,11.91,False
REC-000174,2025-05-07,Simple,87.05,Ana García,9.3,Aprobado,0,5.0,11.26,False
REC-000175,2025-08-14,Complejo,779.27,María Rodríguez,17.5,Aprobado,2,4.4,20.1,True
REC-000176,2025-08-03,Simple,84.17,Ana García,14.3,Pendiente,1,3.3,11.06,True
REC-000177,2025-06-21,Simple,94.24,Laura Martín,16.2,Aprobado,1,4.1,8.0,False
REC-000178,2025-05-24,Simple,126.59,Carlos López,9.9,Aprobado,1,3.9,9.97,True
REC-000179,2025-08-03,Simple,27.27,Carlos López,14.7,Aprobado,0,4.8,9.25,False
REC-000180,2025-09-07,Complejo,333.44,Ana García,27.4,Aprobado,1,3.8,19.37,True
REC-000181,2025-08-23,Simple,106.02,Ana García,15.4,Pendiente,0,4.1,5.43,False
REC-000182,2025-10-12,Simple,97.52,Ana García,9.5,Aprobado,0,3.6,11.3,True
REC-000183,2025-09-09,Simple,118.57,Juan Pérez,18.2,Aprobado,2,4.6,9.27,True
REC-000184,2025-06-25,Complejo,283.08,Laura Martín,24.6,Aprobado,0,5.0,20.76,True
REC-000185,2025-06-23,Simple,126.49,Ana García,11.8,Aprobado,1,3.1,7.93,True
REC-000186,2025-06-08,Simple,138.12,Laura Martín,9.9,Aprobado,1,4.2,11.71,True
REC-000187,2025-04-30,Simple,53.03,María Rodríguez,15.9,Aprobado,1,3.9,8.97,False
REC-000188,2025-08-20,Complejo,650.52,María Rodríguez,20.2,Rechazado,7,2.7,21.97,True
REC-000189,2025-05-15,Complejo,424.68,Laura Martín,27.4,Pendiente,0,3.8,19.53,True
REC-000190,2025-06-17,Simple,139.51,Juan Pérez,11.6,Aprobado,0,4.3,10.23,True
REC-000191,2025-05-09,Simple,107.31,María Rodríguez,10.6,Aprobado,0,5.0,9.36,False
REC-000192,2025-10-11,Simple,123.87,María Rodríguez,13.9,Aprobado,0,3.6,12.38,False
REC-000193,2025-09-21,Complejo,570.43,Ana García,18.0,Rechazado,4,3.5,17.37,False
REC-000194,2025-09-10,Complejo,595.21,Carlos López,30.7,Aprobado,1,4.0,17.72,True
REC-000195,2025-09-07,Complejo,174.1,María Rodríguez,29.1,Aprobado,0,4.4,20.38,True
REC-000196,2025-10-11,Complejo,626.51,Laura Martín,27.0,Pendiente,1,3.2,21.62,False
REC-000197,2025-09-07,Simple,48.99,María Rodríguez,13.6,Aprobado,0,4.5,13.06,True
REC-000198,2025-04-26,Complejo,320.28,Laura Martín,16.4,Rechazado,2,3.0,22.79,False
REC-000199,2025-06-05,Complejo,360.9,Laura Martín,25.4,Aprobado,0,3.9,20.48,False
REC-000200,2025-10-09,Complejo,632.87,Laura Martín,25.4,Aprobado,1,4.5,22.4,False
REC-000201,2025-07-19,Simple,92.3,Juan Pérez,4.8,Pendiente,2,3.1,10.39,True
REC-000202,2025-09-10,Simple,124.2,María Rodríguez,12.6,Aprobado,1,3.5,9.83,True
REC-000203,2025-07-11,Simple,93.85,Ana García,12.0,Aprobado,0,4.0,8.5,False
REC-000204,2025-10-12,Simple,84.75,Ana García,11.7,Aprobado,0,3.8,10.54,True
REC-000205,2025-10-02,Simple,98.08,Laura Martín,10.2,Aprobado,0,4.6,9.64,False
REC-000206,2025-04-30,Complejo,657.79,Juan Pérez,18.1,Rechazado,0,2.5,20.29,True
REC-000207,2025-10-12,Complejo,393.76,Ana García,26.1,Aprobado,0,4.1,18.03,False
REC-000208,2025-07-03,Simple,115.36,Laura Martín,11.5,Aprobado,0,4.2,10.04,True
REC-000209,2025-08-14,Simple,90.96,María Rodríguez,11.0,Aprobado,0,4.5,11.84,True
REC-000210,2025-06-22,Simple,123.95,Ana García,11.4,Aprobado,0,4.7,9.33,True
REC-000211,2025-10-08,Simple,130.02,Juan Pérez,10.0,Aprobado,0,5.0,7.24,False
REC-000212,2025-05-11,Simple,44.93,Ana García,15.5,Aprobado,0,4.9,16.17,True
REC-000213,2025-04-25,Simple,90.76,Juan Pérez,14.3,Aprobado,0,4.8,9.0,True
REC-000214,2025-08-09,Complejo,255.67,Juan Pérez,31.6,Aprobado,0,4.2,20.84,True
REC-000215,2025-09-19,Simple,97.35,Carlos López,10.9,Aprobado,0,4.2,7.64,True
REC-000216,2025-08-18,Simple,97.2,Juan Pérez,12.7,Pendiente,1,2.9,10.66,True
REC-000217,2025-05-10,Simple,105.5,Carlos López,8.5,Aprobado,0,4.0,12.04,False
REC-000218,2025-08-05,Simple,94.96,Juan Pérez,10.6,Aprobado,1,4.3,7.63,False
REC-000219,2025-09-06,Complejo,120.46,Ana García,22.3,Aprobado,0,4.7,18.73,True
REC-000220,2025-07-12,Simple,113.65,María Rodríguez,14.3,Aprobado,0,3.4,12.28,True
REC-000221,2025-09-14,Complejo,398.22,Juan Pérez,24.5,Aprobado,0,3.7,20.06,False
REC-000222,2025-06-27,Simple,56.56,Ana García,9.5,Aprobado,0,4.6,10.37,True
REC-000223,2025-10-14,Complejo,170.06,Juan Pérez,13.7,Rechazado,2,2.1,18.41,True
REC-000224,2025-06-24,Simple,170.0,Carlos López,12.6,Aprobado,1,3.8,10.81,True
REC-000225,2025-10-04,Simple,128.59,María Rodríguez,13.5,Aprobado,2,4.6,11.51,False
REC-000226,2025-08-23,Complejo,407.11,Ana García,25.9,Aprobado,0,4.4,16.29,True
REC-000227,2025-10-08,Complejo,558.59,Ana García,28.8,Aprobado,1,3.4,18.47,True
REC-000228,2025-05-27,Simple,76.33,María Rodríguez,10.6,Aprobado,0,4.3,12.41,True
REC-000229,2025-05-01,Complejo,704.1,Ana García,16.1,Aprobado,1,4.3,22.58,True
REC-000230,2025-08-10,Simple,125.3,Juan Pérez,13.7,Aprobado,1,3.3,9.94,True
REC-000231,2025-07-25,Complejo,401.46,Ana García,14.8,Aprobado,0,4.0,20.31,False
REC-000232,2025-10-04,Simple,105.55,Carlos López,8.8,Aprobado,2,4.1,11.51,False
REC-000233,2025-09-30,Simple,102.35,Juan Pérez,10.3,Aprobado,1,4.5,8.37,False
REC-000234,2025-09-26,Simple,111.47,Ana García,9.6,Aprobado,0,4.5,12.41,True
REC-000235,2025-07-28,Simple,129.49,María Rodríguez,11.1,Aprobado,0,3.5,7.17,True
REC-000236,2025-05-01,Simple,109.8,Ana García,12.9,Aprobado,0,4.1,10.73,False
REC-000237,2025-10-08,Simple,120.19,Juan Pérez,11.5,Aprobado,0,3.6,13.29,False
REC-000238,2025-06-22,Complejo,368.23,Ana García,15.5,Rechazado,2,2.0,21.58,False
REC-000239,2025-04-20,Simple,93.14,Ana García,9.0,Aprobado,0,4.1,10.89,False
REC-000240,2025-09-18,Muy Complejo,3008.95,Juan Pérez,50.6,Aprobado,0,4.0,39.33,False
REC-000241,2025-10-05,Complejo,464.35,Laura Martín,25.2,Aprobado,1,4.7,23.84,True
REC-000242,2025-08-13,Complejo,600.53,Laura Martín,28.1,Aprobado,0,4.1,16.71,False
REC-000243,2025-10-07,Simple,116.11,Juan Pérez,12.2,Rechazado,5,3.4,10.12,True
REC-000244,2025-06-22,Simple,92.98,Juan Pérez,13.4,Aprobado,0,4.8,12.23,False
REC-000245,2025-07-11,Complejo,336.64,Carlos López,23.1,Aprobado,1,4.5,20.37,False
REC-000246,2025-07-05,Simple,83.09,Laura Martín,11.8,Aprobado,1,3.0,11.2,False
REC-000247,2025-10-04,Simple,52.06,Ana García,13.4,Pendiente,0,3.0,12.63,False
REC-000248,2025-05-31,Simple,97.45,Juan Pérez,8.3,Aprobado,1,4.3,7.59,False
REC-000249,2025-07-13,Complejo,569.52,Juan Pérez,27.3,Pendiente,0,2.7,21.21,True
REC-000250,2025-06-23,Simple,81.77,María Rodríguez,14.3,Aprobado,0,3.8,10.68,True
REC-000251,2025-09-20,Muy Complejo,3747.94,Ana García,30.4,Aprobado,0,3.3,39.15,True
REC-000252,2025-10-08,Simple,40.9,Juan Pérez,14.7,Rechazado,3,3.1,11.32,True
REC-000253,2025-09-10,Simple,67.44,Juan Pérez,14.1,Aprobado,0,4.5,15.27,False
REC-000254,2025-09-12,Simple,126.38,Carlos López,11.5,Rechazado,4,1.9,10.73,True
REC-000255,2025-07-30,Simple,58.57,Carlos López,16.2,Pendiente,1,3.8,10.81,True
REC-000256,2025-05-12,Simple,101.9,Ana García,15.9,Aprobado,0,3.9,9.84,True
REC-000257,2025-06-19,Simple,80.51,Laura Martín,12.4,Aprobado,0,4.7,9.67,True
REC-000258,2025-07-03,Simple,136.52,Laura Martín,14.5,Rechazado,4,2.5,8.35,False
REC-000259,2025-05-27,Simple,107.62,Ana García,16.7,Aprobado,0,4.3,6.5,True
REC-000260,2025-04-28,Simple,114.26,Ana García,11.6,Aprobado,0,4.6,11.92,True
REC-000261,2025-07-08,Muy Complejo,2267.25,María Rodríguez,58.7,Rechazado,1,2.5,41.88,True
REC-000262,2025-10-04,Simple,61.03,Juan Pérez,8.3,Aprobado,0,4.6,12.28,True
REC-000263,2025-06-22,Simple,138.74,Juan Pérez,1.8,Aprobado,0,3.4,9.29,False
REC-000264,2025-07-10,Complejo,843.47,Laura Martín,35.6,Aprobado,2,4.3,22.77,True
REC-000265,2025-08-19,Complejo,587.01,Juan Pérez,30.1,Aprobado,1,3.9,21.54,True
REC-000266,2025-08-10,Complejo,444.61,Ana García,24.9,Aprobado,0,4.0,17.44,False
REC-000267,2025-04-23,Complejo,397.22,María Rodríguez,23.1,Aprobado,0,4.8,17.68,True
REC-000268,2025-06-04,Simple,83.23,María Rodríguez,13.0,Rechazado,5,3.1,9.92,True
REC-000269,2025-06-15,Simple,145.41,Carlos López,10.2,Aprobado,0,3.8,10.07,True
REC-000270,2025-07-25,Simple,72.34,Carlos López,9.0,Aprobado,0,3.6,10.69,False
REC-000271,2025-05-08,Simple,105.92,Juan Pérez,9.6,Aprobado,0,4.9,11.91,True
REC-000272,2025-05-15,Complejo,622.82,Ana García,33.2,Aprobado,0,4.1,17.99,True
REC-000273,2025-06-16,Complejo,467.76,Juan Pérez,25.7,Aprobado,1,4.2,19.49,True
REC-000274,2025-09-29,Muy Complejo,2361.19,Carlos López,37.3,Aprobado,0,4.2,44.21,False
REC-000275,2025-10-13,Simple,109.5,Juan Pérez,12.6,Rechazado,4,4.2,11.08,False
REC-000276,2025-10-03,Complejo,354.03,Carlos López,12.7,Aprobado,0,3.5,17.74,False
REC-000277,2025-08-23,Complejo,511.39,María Rodríguez,28.5,Aprobado,1,3.8,20.08,True
REC-000278,2025-06-30,Simple,82.11,Juan Pérez,15.2,Aprobado,1,4.1,12.91,True
REC-000279,2025-08-03,Complejo,499.68,Carlos López,31.6,Aprobado,1,3.9,21.72,True
REC-000280,2025-04-22,Simple,75.95,Juan Pérez,4.7,Aprobado,0,4.6,9.68,True
REC-000281,2025-09-22,Simple,116.28,María Rodríguez,8.9,Rechazado,2,2.0,8.35,True
REC-000282,2025-05-11,Simple,91.86,Ana García,12.5,Rechazado,4,2.2,8.47,True
REC-000283,2025-06-18,Simple,105.26,Ana García,21.0,Rechazado,6,2.1,11.07,False
REC-000284,2025-08-08,Simple,129.27,Carlos López,14.8,Aprobado,0,3.7,6.43,False
REC-000285,2025-08-18,Simple,93.49,Ana García,11.1,Aprobado,0,3.9,8.68,True
REC-000286,2025-08-14,Simple,103.38,Laura Martín,13.3,Aprobado,2,4.9,8.96,True
REC-000287,2025-07-25,Simple,109.83,Laura Martín,14.8,Aprobado,0,4.1,11.45,False
REC-000288,2025-05-05,Simple,125.75,Carlos López,11.3,Aprobado,0,4.2,8.47,True
REC-000289,2025-08-13,Simple,119.06,Juan Pérez,13.1,Aprobado,1,4.1,10.67,True
REC-000290,2025-08-14,Complejo,302.11,Carlos López,22.8,Aprobado,0,4.2,19.6,True
REC-000291,2025-09-11,Muy Complejo,1862.15,Ana García,59.3,Aprobado,1,4.2,40.71,True
REC-000292,2025-07-06,Simple,77.48,María Rodríguez,11.7,Aprobado,0,4.0,9.74,True
REC-000293,2025-07-23,Simple,119.55,Ana García,8.6,Aprobado,1,3.4,13.64,True
REC-000294,2025-08-08,Complejo,512.57,Ana García,32.5,Aprobado,0,3.8,23.01,False
REC-000295,2025-08-23,Complejo,553.4,María Rodríguez,25.3,Aprobado,2,3.8,22.12,True
REC-000296,2025-04-29,Simple,81.09,Laura Martín,9.0,Aprobado,0,4.2,11.8,True
REC-000297,2025-07-08,Simple,95.03,Carlos López,8.8,Pendiente,1,4.8,11.06,False
REC-000298,2025-06-18,Simple,75.48,Carlos López,10.2,Aprobado,1,4.1,12.62,False
REC-000299,2025-07-11,Complejo,403.78,Ana García,26.7,Aprobado,0,4.7,19.59,False
REC-000300,2025-06-17,Simple,62.94,María Rodríguez,15.5,Aprobado,1,3.9,10.55,False
REC-000301,2025-08-21,Simple,134.84,Laura Martín,9.6,Rechazado,2,2.1,9.51,True
REC-000302,2025-09-14,Complejo,228.19,Laura Martín,27.8,Aprobado,0,4.5,22.66,False
REC-000303,2025-09-25,Simple,93.86,María Rodríguez,12.0,Aprobado,1,4.3,10.05,False
REC-000304,2025-10-06,Complejo,535.06,María Rodríguez,17.6,Rechazado,4,2.6,14.14,False
REC-000305,2025-10-05,Complejo,411.15,María Rodríguez,24.7,Rechazado,2,2.9,21.3,True
REC-000306,2025-06-16,Complejo,303.25,María Rodríguez,29.2,Aprobado,1,3.5,24.47,False
REC-000307,2025-10-13,Simple,115.69,María Rodríguez,16.0,Aprobado,0,4.5,10.53,True
REC-000308,2025-07-17,Simple,107.24,Carlos López,8.5,Pendiente,1,3.2,9.7,True
REC-000309,2025-05-28,Simple,106.2,María Rodríguez,14.2,Aprobado,2,3.8,11.99,False
REC-000310,2025-09-28,Simple,120.65,Ana García,8.9,Aprobado,1,3.9,9.61,False
REC-000311,2025-10-12,Complejo,451.28,María Rodríguez,27.9,Rechazado,2,2.7,18.46,True
REC-000312,2025-05-25,Complejo,490.74,María Rodríguez,26.9,Aprobado,0,4.0,19.3,True
REC-000313,2025-06-06,Simple,125.53,Laura Martín,16.5,Aprobado,1,4.3,9.8,True
REC-000314,2025-06-14,Complejo,370.41,Laura Martín,15.7,Aprobado,0,4.3,17.92,False
REC-000315,2025-05-28,Simple,98.53,Ana García,7.8,Aprobado,0,4.0,12.07,False
REC-000316,2025-05-06,Simple,78.58,Laura Martín,17.1,Rechazado,8,2.3,9.2,False
REC-000317,2025-06-10,Simple,81.76,Carlos López,10.4,Pendiente,1,2.3,11.86,False
REC-000318,2025-05-20,Complejo,392.31,Ana García,22.6,Aprobado,0,5.0,24.53,True
REC-000319,2025-08-28,Simple,108.89,Juan Pérez,13.1,Aprobado,0,4.4,6.67,True
REC-000320,2025-09-17,Simple,71.9,Carlos López,10.0,Rechazado,1,3.3,12.0,True
REC-000321,2025-09-10,Complejo,474.0,Carlos López,27.6,Aprobado,0,3.9,17.78,True
REC-000322,2025-08-12,Complejo,730.15,Laura Martín,22.9,Aprobado,0,3.2,23.45,False
REC-000323,2025-04-19,Complejo,383.39,Juan Pérez,28.2,Aprobado,0,3.4,21.5,True
REC-000324,2025-06-22,Complejo,786.86,Ana García,29.2,Aprobado,1,4.1,21.34,True
REC-000325,2025-09-30,Complejo,374.9,Ana García,23.2,Aprobado,0,4.5,20.39,True
REC-000326,2025-05-05,Complejo,408.67,Laura Martín,18.5,Rechazado,4,3.5,22.08,True
REC-000327,2025-07-10,Simple,81.88,María Rodríguez,11.3,Rechazado,2,1.8,9.57,True
REC-000328,2025-08-07,Simple,67.14,Laura Martín,12.9,Aprobado,0,4.1,6.74,False
REC-000329,2025-05-14,Complejo,380.6,Laura Martín,20.6,Aprobado,2,4.0,21.15,False
REC-000330,2025-07-22,Simple,75.83,Ana García,15.0,Aprobado,2,4.3,10.51,True
REC-000331,2025-08-12,Simple,42.63,Juan Pérez,11.8,Aprobado,1,3.4,7.57,True
REC-000332,2025-08-04,Complejo,581.52,Juan Pérez,25.2,Rechazado,5,3.4,18.57,True
REC-000333,2025-06-12,Simple,105.23,Laura Martín,9.5,Aprobado,0,4.4,14.16,True
REC-000334,2025-07-17,Complejo,558.89,Laura Martín,33.5,Rechazado,4,2.5,23.78,True
REC-000335,2025-08-07,Simple,112.48,Carlos López,9.6,Rechazado,4,2.0,8.73,True
REC-000336,2025-07-08,Simple,103.99,Laura Martín,14.5,Aprobado,1,3.8,8.68,True
REC-000337,2025-06-15,Complejo,423.53,Laura Martín,24.2,Aprobado,0,4.8,23.07,True
REC-000338,2025-05-02,Complejo,391.94,María Rodríguez,19.4,Rechazado,0,3.5,22.69,True
REC-000339,2025-09-28,Simple,112.1,Laura Martín,13.3,Aprobado,2,4.3,13.28,True
REC-000340,2025-09-30,Simple,63.94,María Rodríguez,10.8,Aprobado,1,4.2,6.97,False
REC-000341,2025-04-21,Simple,152.65,Ana García,12.1,Aprobado,1,3.1,8.67,True
REC-000342,2025-05-18,Complejo,798.48,Laura Martín,26.1,Aprobado,0,4.4,21.51,True
REC-000343,2025-08-18,Simple,107.63,Carlos López,10.9,Rechazado,3,2.6,9.83,True
REC-000344,2025-09-04,Complejo,340.17,Ana García,31.2,Aprobado,0,4.7,21.17,False
REC-000345,2025-09-15,Complejo,511.02,Ana García,22.0,Aprobado,0,4.1,21.9,True
REC-000346,2025-05-18,Complejo,528.02,Ana García,17.7,Rechazado,4,2.5,18.09,True
REC-000347,2025-04-29,Complejo,482.11,Ana García,25.6,Aprobado,2,3.2,22.64,True
REC-000348,2025-07-17,Muy Complejo,1654.31,Carlos López,60.5,Aprobado,0,4.2,40.89,True
REC-000349,2025-05-15,Simple,83.21,Juan Pérez,13.1,Aprobado,2,4.5,8.9,False
REC-000350,2025-05-24,Simple,125.26,Carlos López,10.9,Aprobado,2,5.0,9.69,True
REC-000351,2025-08-02,Simple,115.83,Laura Martín,11.2,Aprobado,0,3.6,6.5,False
REC-000352,2025-07-27,Simple,132.37,María Rodríguez,10.3,Aprobado,0,3.7,8.5,True
REC-000353,2025-06-27,Complejo,434.21,Juan Pérez,26.1,Aprobado,0,4.4,24.16,True
REC-000354,2025-06-25,Simple,126.79,Laura Martín,17.5,Aprobado,2,5.0,8.09,False
REC-000355,2025-07-23,Complejo,639.21,Laura Martín,27.3,Rechazado,0,2.1,18.65,False
REC-000356,2025-08-26,Complejo,391.97,María Rodríguez,24.1,Pendiente,2,4.0,23.38,True
REC-000357,2025-09-09,Simple,120.51,Ana García,11.8,Aprobado,1,4.7,10.65,True
REC-000358,2025-05-29,Muy Complejo,2183.59,Juan Pérez,33.2,Aprobado,0,3.7,43.82,True
REC-000359,2025-09-17,Simple,135.01,Carlos López,13.5,Aprobado,1,4.2,15.74,True
REC-000360,2025-07-05,Complejo,539.54,Carlos López,22.0,Aprobado,0,3.7,22.07,True
REC-000361,2025-07-07,Muy Complejo,1203.93,Laura Martín,58.5,Aprobado,1,4.5,37.72,True
REC-000362,2025-09-05,Simple,119.96,Juan Pérez,17.8,Pendiente,1,3.9,9.37,True
REC-000363,2025-08-19,Simple,117.52,Laura Martín,6.3,Pendiente,1,3.6,8.32,True
REC-000364,2025-10-08,Muy Complejo,1729.87,Ana García,31.9,Aprobado,0,4.9,35.02,False
REC-000365,2025-07-26,Complejo,205.59,Laura Martín,21.6,Aprobado,0,4.8,22.28,True
REC-000366,2025-10-14,Simple,125.28,Juan Pérez,15.6,Aprobado,1,4.2,12.17,False
REC-000367,2025-10-08,Complejo,668.7,Juan Pérez,28.4,Aprobado,1,4.1,19.52,False
REC-000368,2025-08-11,Simple,133.66,Juan Pérez,19.0,Aprobado,2,4.4,9.64,True
REC-000369,2025-05-07,Complejo,374.34,Carlos López,17.5,Aprobado,1,3.9,22.32,False
REC-000370,2025-09-30,Simple,88.77,Ana García,11.5,Rechazado,5,3.4,5.79,False
REC-000371,2025-05-16,Simple,132.0,Laura Martín,10.4,Aprobado,0,4.4,8.04,False
REC-000372,2025-09-23,Muy Complejo,1931.83,Ana García,60.7,Aprobado,0,3.8,43.91,True
REC-000373,2025-10-01,Simple,147.45,Ana García,10.2,Pendiente,0,5.0,8.92,True
REC-000374,2025-06-09,Simple,114.48,Juan Pérez,9.2,Aprobado,0,4.2,8.64,True
REC-000375,2025-05-23,Simple,74.33,Juan Pérez,8.9,Aprobado,0,4.1,11.61,True
REC-000376,2025-05-04,Simple,90.27,Laura Martín,14.8,Aprobado,2,5.0,9.19,False
REC-000377,2025-05-06,Simple,117.87,Carlos López,8.9,Pendiente,0,4.4,6.84,False
REC-000378,2025-05-07,Simple,120.46,Ana García,12.4,Rechazado,3,3.1,7.05,True
REC-000379,2025-04-20,Complejo,417.48,María Rodríguez,23.1,Aprobado,0,4.4,20.45,False
REC-000380,2025-07-22,Complejo,548.88,Ana García,31.3,Aprobado,0,3.0,16.98,True
REC-000381,2025-09-09,Complejo,455.33,María Rodríguez,16.9,Aprobado,0,4.9,21.11,True
REC-000382,2025-07-01,Simple,142.99,María Rodríguez,7.7,Aprobado,0,4.0,7.49,True
REC-000383,2025-08-07,Complejo,375.66,Juan Pérez,20.3,Aprobado,0,4.7,25.5,False
REC-000384,2025-04-27,Simple,105.26,Laura Martín,8.0,Aprobado,0,3.6,14.51,True
REC-000385,2025-06-07,Simple,50.87,Ana García,12.4,Aprobado,1,4.1,9.0,False
REC-000386,2025-06-20,Complejo,332.97,Ana García,34.6,Aprobado,0,3.7,18.97,True
REC-000387,2025-06-24,Muy Complejo,2264.51,Laura Martín,48.7,Aprobado,0,4.4,38.93,False
REC-000388,2025-06-02,Simple,73.08,María Rodríguez,8.1,Rechazado,5,3.3,12.89,True
REC-000389,2025-05-07,Simple,83.38,María Rodríguez,16.8,Aprobado,0,3.9,14.16,False
REC-000390,2025-08-22,Simple,71.03,Juan Pérez,16.9,Aprobado,0,3.7,9.63,True
REC-000391,2025-08-30,Simple,94.06,Laura Martín,18.2,Aprobado,0,4.1,7.52,True
REC-000392,2025-06-02,Simple,94.5,Juan Pérez,7.0,Aprobado,0,3.9,13.05,True
REC-000393,2025-05-28,Complejo,333.26,Laura Martín,23.8,Pendiente,0,2.9,21.14,True
REC-000394,2025-05-29,Simple,129.82,Laura Martín,9.3,Aprobado,0,4.3,7.93,True
REC-000395,2025-05-07,Complejo,171.51,Laura Martín,31.2,Aprobado,1,3.7,19.97,True
REC-000396,2025-09-09,Simple,91.08,María Rodríguez,15.9,Aprobado,0,4.0,9.19,False
REC-000397,2025-09-11,Simple,163.74,Carlos López,16.0,Aprobado,1,4.7,11.5,False
REC-000398,2025-05-06,Simple,137.19,Juan Pérez,10.8,Aprobado,1,5.0,7.04,False
REC-000399,2025-04-20,Complejo,440.37,María Rodríguez,22.1,Aprobado,0,4.1,20.9,True
REC-000400,2025-05-30,Complejo,807.47,Carlos López,24.0,Pendiente,0,4.7,20.27,False
REC-000401,2025-07-30,Muy Complejo,2279.85,Carlos López,50.3,Rechazado,4,3.6,41.79,True
REC-000402,2025-08-02,Complejo,350.86,María Rodríguez,21.8,Aprobado,1,3.4,18.73,True
REC-000403,2025-09-09,Complejo,572.64,Juan Pérez,27.2,Rechazado,4,2.8,18.54,True
REC-000404,2025-06-29,Simple,89.22,Ana García,19.5,Aprobado,2,4.4,8.35,False
REC-000405,2025-05-17,Simple,104.59,María Rodríguez,10.8,Aprobado,0,4.7,8.77,False
REC-000406,2025-07-05,Simple,107.49,María Rodríguez,10.3,Rechazado,3,3.5,11.74,False
REC-000407,2025-05-23,Complejo,469.44,Juan Pérez,34.8,Aprobado,1,3.6,23.39,True
REC-000408,2025-08-23,Simple,77.04,Laura Martín,4.8,Pendiente,0,3.0,9.15,True
REC-000409,2025-07-06,Simple,127.29,María Rodríguez,10.9,Aprobado,1,4.2,10.7,False
REC-000410,2025-08-12,Simple,98.17,Juan Pérez,12.7,Aprobado,0,4.1,7.48,True
REC-000411,2025-09-18,Simple,106.44,Laura Martín,10.3,Aprobado,0,4.4,11.76,True
REC-000412,2025-07-07,Simple,102.53,Carlos López,17.0,Aprobado,0,4.0,11.36,True
REC-000413,2025-06-08,Simple,88.88,Ana García,8.0,Aprobado,0,3.3,10.22,False
REC-000414,2025-09-22,Simple,104.48,Ana García,11.1,Aprobado,1,4.2,9.9,False
REC-000415,2025-09-26,Complejo,484.03,Carlos López,21.3,Aprobado,1,4.3,20.33,False
REC-000416,2025-05-18,Complejo,541.6,Carlos López,23.9,Pendiente,1,3.6,20.04,False
REC-000417,2025-08-03,Simple,134.17,Juan Pérez,12.3,Pendiente,0,2.7,10.32,True
REC-000418,2025-06-17,Simple,127.6,Juan Pérez,11.1,Rechazado,6,3.4,10.92,False
REC-000419,2025-06-13,Simple,97.23,Laura Martín,8.1,Rechazado,2,3.9,10.14,False
REC-000420,2025-10-06,Simple,102.61,Carlos López,19.5,Aprobado,0,3.6,10.32,False
REC-000421,2025-04-28,Simple,137.63,Ana García,11.4,Aprobado,0,3.8,10.2,True
REC-000422,2025-06-02,Simple,127.05,María Rodríguez,15.2,Pendiente,0,3.3,10.54,False
REC-000423,2025-08-15,Simple,147.1,María Rodríguez,11.6,Aprobado,0,4.3,11.72,False
REC-000424,2025-08-31,Complejo,783.5,Carlos López,28.1,Aprobado,0,4.0,22.36,True
REC-000425,2025-07-01,Muy Complejo,2392.08,Juan Pérez,71.1,Aprobado,1,4.0,41.07,True
REC-000426,2025-08-26,Simple,22.59,Ana García,13.5,Aprobado,0,3.6,12.29,True
REC-000427,2025-07-28,Simple,57.13,Ana García,12.7,Aprobado,1,3.7,9.91,True
REC-000428,2025-07-08,Simple,156.27,Carlos López,16.9,Aprobado,0,4.3,11.99,True
REC-000429,2025-05-06,Complejo,620.99,Ana García,14.3,Aprobado,1,4.7,20.49,True
REC-000430,2025-07-06,Simple,112.25,Carlos López,11.1,Pendiente,1,3.5,11.07,True
REC-000431,2025-05-30,Simple,81.92,María Rodríguez,6.8,Aprobado,1,4.9,11.42,False
REC-000432,2025-06-11,Simple,96.27,Carlos López,10.3,Aprobado,0,4.0,14.7,False
REC-000433,2025-07-05,Simple,80.37,Carlos López,9.2,Aprobado,0,4.2,8.07,True
REC-000434,2025-04-20,Simple,128.49,Juan Pérez,11.8,Aprobado,1,4.3,14.18,True
REC-000435,2025-10-03,Simple,128.81,Juan Pérez,13.4,Aprobado,2,4.6,10.89,True
REC-000436,2025-07-10,Simple,82.86,Juan Pérez,12.6,Aprobado,0,4.4,12.46,True
REC-000437,2025-06-28,Simple,59.42,Laura Martín,13.2,Aprobado,2,3.6,9.5,False
REC-000438,2025-05-25,Simple,87.04,Carlos López,9.8,Aprobado,0,4.8,10.37,False
REC-000439,2025-05-23,Simple,126.94,Juan Pérez,8.8,Aprobado,0,4.5,11.09,True
REC-000440,2025-07-30,Complejo,440.42,Ana García,17.4,Pendiente,3,3.8,17.9,True
REC-000441,2025-08-23,Simple,52.42,Juan Pérez,10.0,Aprobado,0,3.9,11.01,True
REC-000442,2025-05-02,Complejo,613.02,Juan Pérez,27.7,Aprobado,2,4.8,18.28,True
REC-000443,2025-06-01,Simple,104.15,María Rodríguez,10.5,Aprobado,1,3.5,11.19,True
REC-000444,2025-05-06,Simple,78.55,Ana García,10.2,Rechazado,1,3.6,9.57,True
REC-000445,2025-09-26,Simple,130.02,Laura Martín,13.0,Aprobado,0,3.9,9.36,True
REC-000446,2025-09-03,Simple,121.21,Laura Martín,20.2,Aprobado,0,3.8,14.3,True
REC-000447,2025-05-11,Simple,71.5,Carlos López,11.4,Pendiente,1,3.0,7.54,False
REC-000448,2025-08-19,Simple,110.84,Juan Pérez,12.7,Pendiente,1,3.6,8.92,False
REC-000449,2025-07-15,Simple,86.13,Laura Martín,13.2,Aprobado,1,4.0,8.46,True
REC-000450,2025-08-23,Complejo,258.2,Juan Pérez,19.3,Rechazado,3,2.5,15.99,True
REC-000451,2025-10-03,Simple,95.89,Juan Pérez,13.2,Rechazado,2,1.7,8.2,True
REC-000452,2025-04-27,Simple,93.82,María Rodríguez,14.3,Aprobado,3,4.5,9.65,True
REC-000453,2025-05-21,Simple,120.1,María Rodríguez,12.6,Aprobado,1,4.1,8.75,True
REC-000454,2025-09-05,Muy Complejo,1497.07,Carlos López,27.5,Rechazado,4,3.6,38.45,True
REC-000455,2025-10-04,Simple,75.78,Juan Pérez,9.0,Aprobado,0,4.9,7.67,True
REC-000456,2025-07-18,Complejo,769.45,Carlos López,28.8,Aprobado,1,3.8,23.31,True
REC-000457,2025-08-26,Muy Complejo,2145.37,María Rodríguez,43.7,Aprobado,1,4.5,35.69,False
REC-000458,2025-05-15,Simple,29.28,Juan Pérez,10.5,Rechazado,4,2.6,10.84,True
REC-000459,2025-07-11,Simple,100.38,Ana García,13.4,Aprobado,1,4.1,9.51,True
REC-000460,2025-06-09,Muy Complejo,1901.91,Carlos López,39.9,Aprobado,1,5.0,39.31,False
REC-000461,2025-10-14,Simple,138.36,Ana García,14.0,Aprobado,1,5.0,8.57,True
REC-000462,2025-06-20,Simple,70.92,Ana García,12.5,Aprobado,2,4.6,10.04,False
REC-000463,2025-05-09,Muy Complejo,2033.26,Ana García,40.4,Pendiente,0,2.5,41.21,True
REC-000464,2025-08-24,Complejo,684.94,María Rodríguez,26.0,Aprobado,0,4.4,14.29,True
REC-000465,2025-10-15,Simple,97.54,María Rodríguez,15.3,Aprobado,0,4.5,12.46,False
REC-000466,2025-08-31,Simple,117.69,Ana García,12.4,Aprobado,0,5.0,9.04,False
REC-000467,2025-10-02,Complejo,488.54,Laura Martín,23.1,Aprobado,1,4.8,18.78,True
REC-000468,2025-08-25,Simple,143.05,Juan Pérez,11.0,Rechazado,3,2.8,6.91,True
REC-000469,2025-06-16,Simple,101.63,María Rodríguez,8.0,Aprobado,1,4.0,6.83,False
REC-000470,2025-09-27,Simple,97.25,Ana García,9.3,Rechazado,4,1.5,8.81,True
REC-000471,2025-09-15,Simple,90.84,Juan Pérez,10.7,Rechazado,2,2.9,10.33,True
REC-000472,2025-08-20,Muy Complejo,1339.54,Juan Pérez,22.5,Pendiente,0,4.2,41.95,True
REC-000473,2025-08-15,Simple,109.91,María Rodríguez,12.0,Aprobado,1,4.1,12.41,True
REC-000474,2025-07-13,Muy Complejo,2603.3,Carlos López,29.7,Aprobado,0,3.8,38.64,True
REC-000475,2025-09-02,Simple,60.78,Juan Pérez,7.2,Rechazado,3,1.9,8.38,True
REC-000476,2025-06-25,Complejo,416.46,Ana García,20.0,Aprobado,0,3.3,18.17,False
REC-000477,2025-05-10,Simple,82.13,Carlos López,14.7,Pendiente,2,3.6,8.15,True
REC-000478,2025-07-24,Simple,154.42,María Rodríguez,6.6,Aprobado,0,4.7,10.38,True
REC-000479,2025-08-02,Complejo,434.13,Laura Martín,23.7,Aprobado,0,4.2,17.31,True
REC-000480,2025-10-13,Simple,45.88,Laura Martín,13.4,Rechazado,3,2.5,10.57,True
REC-000481,2025-07-20,Simple,76.59,Carlos López,14.6,Aprobado,0,3.9,10.45,True
REC-000482,2025-06-21,Simple,112.1,Carlos López,9.7,Aprobado,0,4.0,15.26,True
REC-000483,2025-09-06,Simple,108.86,Laura Martín,9.7,Aprobado,1,4.7,6.98,True
REC-000484,2025-04-25,Simple,79.41,Juan Pérez,7.7,Aprobado,1,4.4,8.93,True
REC-000485,2025-08-21,Simple,58.79,Laura Martín,4.8,Pendiente,0,4.1,11.89,False
REC-000486,2025-07-29,Muy Complejo,2665.19,María Rodríguez,63.9,Aprobado,0,4.6,41.62,True
REC-000487,2025-06-08,Simple,104.24,Carlos López,10.0,Aprobado,0,4.6,9.89,True
REC-000488,2025-07-03,Simple,93.98,Ana García,13.6,Pendiente,3,3.3,9.7,True
REC-000489,2025-05-03,Complejo,515.37,Juan Pérez,21.1,Aprobado,2,4.4,21.22,True
REC-000490,2025-06-19,Simple,109.33,Laura Martín,7.3,Aprobado,1,4.3,13.61,True
REC-000491,2025-07-20,Simple,106.01,Laura Martín,11.0,Aprobado,1,4.5,9.75,True
REC-000492,2025-07-20,Simple,102.87,Laura Martín,10.2,Aprobado,0,3.4,11.32,True
REC-000493,2025-10-14,Simple,115.12,Laura Martín,14.4,Aprobado,0,3.8,9.31,True
REC-000494,2025-05-13,Complejo,396.09,Carlos López,25.2,Aprobado,0,4.4,22.57,True
REC-000495,2025-06-23,Simple,132.02,Laura Martín,13.7,Aprobado,1,4.2,9.32,True
REC-000496,2025-08-01,Simple,74.65,Juan Pérez,13.7,Aprobado,0,4.5,8.47,True
REC-000497,2025-09-09,Simple,130.76,Carlos López,10.6,Aprobado,0,4.3,9.91,True
REC-000498,2025-07-30,Muy Complejo,1167.35,Ana García,44.5,Rechazado,3,2.8,40.98,False
REC-000499,2025-05-16,Simple,76.77,Juan Pérez,11.8,Aprobado,0,4.9,9.29,True
REC-000500,2025-05-10,Simple,121.68,Juan Pérez,13.5,Aprobado,2,4.4,14.15,False
REC-000501,2025-08-24,Simple,92.18,Juan Pérez,8.3,Aprobado,2,4.7,12.4,False
REC-000502,2025-07-26,Simple,72.92,María Rodríguez,9.8,Pendiente,1,2.5,6.13,True
REC-000503,2025-07-08,Simple,120.66,Laura Martín,11.8,Rechazado,2,3.1,9.54,True
REC-000504,2025-09-18,Simple,143.5,Ana García,7.7,Aprobado,4,4.2,8.87,False
REC-000505,2025-05-08,Complejo,627.87,Juan Pérez,16.6,Aprobado,0,4.5,22.58,False
REC-000506,2025-06-02,Muy Complejo,1746.7,Carlos López,37.8,Aprobado,1,4.1,38.67,False
REC-000507,2025-10-09,Simple,116.06,María Rodríguez,12.8,Rechazado,1,3.3,10.27,True
REC-000508,2025-08-06,Simple,104.76,María Rodríguez,10.1,Aprobado,1,4.3,7.97,True
REC-000509,2025-04-21,Simple,91.67,María Rodríguez,15.9,Aprobado,2,4.4,9.59,True
REC-000510,2025-07-27,Simple,78.0,Laura Martín,10.0,Aprobado,0,4.9,8.98,True
REC-000511,2025-09-20,Simple,64.86,Carlos López,18.8,Aprobado,0,4.0,13.45,False
REC-000512,2025-08-07,Muy Complejo,1422.46,Laura Martín,43.0,Aprobado,0,5.0,42.94,False
REC-000513,2025-09-21,Complejo,398.12,Carlos López,6.5,Aprobado,2,3.7,19.66,True
REC-000514,2025-08-30,Complejo,762.29,María Rodríguez,21.7,Aprobado,1,3.8,18.41,False
REC-000515,2025-04-24,Simple,105.48,María Rodríguez,13.7,Aprobado,0,4.3,8.4,True
REC-000516,2025-04-27,Simple,121.55,María Rodríguez,11.5,Pendiente,0,3.3,9.84,False
REC-000517,2025-10-11,Complejo,417.05,Ana García,34.2,Aprobado,1,4.7,21.46,False
REC-000518,2025-06-20,Simple,100.65,Laura Martín,9.2,Aprobado,1,4.6,12.26,True
REC-000519,2025-09-28,Complejo,469.43,Ana García,27.9,Pendiente,0,4.1,21.05,True
REC-000520,2025-07-05,Complejo,618.32,Laura Martín,25.6,Rechazado,6,3.1,21.1,True
REC-000521,2025-09-23,Simple,40.69,Ana García,15.3,Aprobado,0,4.2,10.71,True
REC-000522,2025-08-17,Simple,121.68,Laura Martín,12.3,Rechazado,0,1.4,14.22,True
REC-000523,2025-05-26,Complejo,550.75,Carlos López,21.1,Aprobado,0,3.7,20.95,False
REC-000524,2025-09-05,Complejo,534.83,Laura Martín,19.9,Aprobado,0,4.5,20.35,True
REC-000525,2025-07-31,Complejo,520.8,Juan Pérez,17.5,Rechazado,2,2.7,20.16,True
REC-000526,2025-08-24,Complejo,411.37,Laura Martín,25.7,Aprobado,2,4.3,22.05,True
REC-000527,2025-05-04,Simple,96.3,Laura Martín,9.0,Aprobado,0,4.5,10.04,True
REC-000528,2025-05-08,Simple,82.19,Carlos López,15.3,Aprobado,2,4.1,5.81,True
REC-000529,2025-06-27,Complejo,186.45,Juan Pérez,23.0,Pendiente,1,3.1,20.99,True
REC-000530,2025-08-09,Simple,114.59,Juan Pérez,6.2,Aprobado,1,3.8,8.83,True
REC-000531,2025-05-15,Complejo,599.34,Laura Martín,18.4,Aprobado,0,4.7,18.08,False
REC-000532,2025-06-02,Complejo,546.1,Carlos López,22.5,Aprobado,0,3.7,18.16,True
REC-000533,2025-09-29,Simple,98.12,Juan Pérez,12.7,Aprobado,0,4.7,12.56,False
REC-000534,2025-09-13,Complejo,286.0,Juan Pérez,24.8,Aprobado,3,3.8,19.07,True
REC-000535,2025-07-28,Simple,94.0,Juan Pérez,12.7,Aprobado,0,4.5,9.72,True
REC-000536,2025-07-17,Simple,111.48,Laura Martín,11.9,Aprobado,1,4.2,9.26,False
REC-000537,2025-09-04,Simple,80.9,Juan Pérez,12.2,Aprobado,0,4.2,14.2,False
REC-000538,2025-06-07,Complejo,288.22,María Rodríguez,22.6,Aprobado,0,4.3,18.96,True
REC-000539,2025-05-31,Simple,105.54,Carlos López,15.0,Aprobado,0,4.0,9.52,False
REC-000540,2025-10-07,Simple,93.34,Laura Martín,10.9,Aprobado,0,3.7,10.74,False
REC-000541,2025-07-03,Simple,106.03,Laura Martín,10.7,Pendiente,1,2.9,6.63,True
REC-000542,2025-08-02,Complejo,340.1,Juan Pérez,28.8,Rechazado,2,2.1,19.25,False
REC-000543,2025-08-23,Simple,86.05,Laura Martín,15.6,Aprobado,2,4.6,10.32,True
REC-000544,2025-08-07,Simple,112.63,María Rodríguez,15.0,Aprobado,0,3.6,11.3,True
REC-000545,2025-09-12,Complejo,588.11,Laura Martín,32.5,Rechazado,2,2.4,17.99,True
REC-000546,2025-06-25,Simple,146.03,Ana García,15.4,Rechazado,2,3.4,9.83,True
REC-000547,2025-04-24,Simple,129.48,Carlos López,7.8,Pendiente,0,4.8,12.4,False
REC-000548,2025-07-28,Complejo,660.65,Laura Martín,26.0,Aprobado,1,4.4,17.22,False
REC-000549,2025-08-22,Simple,92.5,María Rodríguez,10.4,Pendiente,3,4.2,12.06,True
REC-000550,2025-05-10,Complejo,390.96,Ana García,7.0,Aprobado,0,4.0,20.01,True
REC-000551,2025-07-06,Complejo,558.44,Juan Pérez,10.7,Aprobado,0,3.7,18.88,True
REC-000552,2025-07-12,Simple,134.31,Laura Martín,15.1,Aprobado,0,4.1,11.13,True
REC-000553,2025-09-18,Simple,98.26,Juan Pérez,12.7,Aprobado,0,3.8,11.04,True
REC-000554,2025-08-28,Muy Complejo,1635.59,Juan Pérez,51.7,Aprobado,1,4.1,39.35,False
REC-000555,2025-06-15,Complejo,501.32,María Rodríguez,22.6,Aprobado,2,4.5,19.87,False
REC-000556,2025-05-24,Complejo,513.78,Laura Martín,29.4,Aprobado,1,3.8,20.01,False
REC-000557,2025-07-28,Simple,121.93,Carlos López,13.6,Rechazado,2,2.6,6.77,True
REC-000558,2025-06-24,Muy Complejo,2371.1,Ana García,41.7,Aprobado,1,5.0,36.36,False
REC-000559,2025-09-01,Simple,112.88,María Rodríguez,14.5,Rechazado,4,1.6,8.56,False
REC-000560,2025-09-24,Simple,90.84,Ana García,15.1,Aprobado,2,3.9,11.69,False
REC-000561,2025-08-12,Simple,86.88,Laura Martín,7.1,Pendiente,1,4.5,11.3,False
REC-000562,2025-08-17,Simple,110.03,Laura Martín,16.4,Aprobado,2,3.7,11.7,False
REC-000563,2025-07-05,Simple,114.76,Ana García,12.1,Aprobado,0,3.3,8.59,False
REC-000564,2025-08-31,Simple,72.16,Juan Pérez,14.3,Aprobado,0,4.4,10.26,True
REC-000565,2025-07-11,Complejo,440.72,María Rodríguez,29.8,Pendiente,1,4.3,19.52,True
REC-000566,2025-10-10,Muy Complejo,1485.01,Juan Pérez,48.6,Aprobado,0,5.0,39.33,True
REC-000567,2025-04-24,Simple,98.27,María Rodríguez,6.7,Aprobado,1,3.8,6.69,True
REC-000568,2025-09-29,Simple,93.78,Carlos López,14.7,Rechazado,1,2.6,9.97,True
REC-000569,2025-09-06,Complejo,449.44,Ana García,24.8,Rechazado,6,2.3,18.68,False
REC-000570,2025-05-04,Complejo,537.86,Juan Pérez,26.7,Rechazado,5,2.7,19.58,False
REC-000571,2025-09-22,Simple,125.08,Ana García,16.4,Aprobado,0,4.4,10.03,False
REC-000572,2025-08-11,Simple,125.75,Ana García,14.5,Aprobado,0,3.8,12.81,True
REC-000573,2025-07-20,Simple,107.03,Laura Martín,14.9,Aprobado,0,4.0,8.01,False
REC-000574,2025-08-14,Simple,146.61,Juan Pérez,6.0,Aprobado,0,4.3,10.12,False
REC-000575,2025-08-16,Simple,131.21,Ana García,6.1,Aprobado,2,3.2,8.5,False
REC-000576,2025-08-29,Simple,93.16,María Rodríguez,16.3,Aprobado,2,4.0,8.98,False
REC-000577,2025-09-10,Simple,119.89,María Rodríguez,12.2,Aprobado,0,4.6,8.86,False
REC-000578,2025-05-31,Simple,105.92,Laura Martín,9.7,Aprobado,0,3.8,11.28,True
REC-000579,2025-07-17,Simple,107.27,María Rodríguez,6.2,Aprobado,1,4.5,11.92,True
REC-000580,2025-05-27,Simple,106.11,Laura Martín,15.9,Aprobado,1,4.3,11.68,True
REC-000581,2025-08-26,Complejo,495.99,María Rodríguez,32.7,Aprobado,0,4.6,18.1,True
REC-000582,2025-06-14,Complejo,355.13,Juan Pérez,20.8,Aprobado,0,3.8,19.2,True
REC-000583,2025-05-22,Simple,86.71,Laura Martín,15.7,Rechazado,3,2.5,8.26,False
REC-000584,2025-05-12,Complejo,790.94,Laura Martín,31.7,Aprobado,0,5.0,20.75,True
REC-000585,2025-10-14,Simple,185.23,Carlos López,16.9,Aprobado,0,4.5,7.84,False
REC-000586,2025-05-20,Simple,73.85,Laura Martín,16.1,Rechazado,3,2.5,6.26,False
REC-000587,2025-06-30,Simple,76.37,Laura Martín,9.8,Aprobado,0,4.6,11.11,False
REC-000588,2025-08-30,Simple,54.99,Laura Martín,11.0,Aprobado,2,4.2,9.03,False
REC-000589,2025-06-29,Simple,54.7,Ana García,11.3,Aprobado,0,4.8,11.97,True
REC-000590,2025-07-15,Muy Complejo,2542.1,Laura Martín,50.5,Aprobado,1,3.9,40.68,True
REC-000591,2025-06-28,Simple,78.27,Ana García,11.8,Aprobado,0,4.7,8.66,False
REC-000592,2025-05-02,Simple,56.14,Juan Pérez,14.1,Aprobado,1,4.1,7.59,True
REC-000593,2025-10-05,Simple,123.99,Carlos López,6.9,Aprobado,0,3.4,11.35,True
REC-000594,2025-07-14,Muy Complejo,2203.98,Carlos López,52.3,Aprobado,0,3.6,41.73,True
REC-000595,2025-05-11,Simple,101.86,Laura Martín,9.2,Aprobado,1,4.9,10.36,False
REC-000596,2025-04-28,Complejo,308.28,Ana García,25.6,Aprobado,1,4.2,18.66,False
REC-000597,2025-08-27,Complejo,885.8,María Rodríguez,10.5,Rechazado,2,2.1,20.1,False
REC-000598,2025-06-29,Muy Complejo,2012.4,Carlos López,37.4,Pendiente,0,4.3,36.97,True
REC-000599,2025-05-08,Simple,147.79,Carlos López,14.0,Aprobado,1,3.5,5.64,True
REC-000600,2025-07-05,Complejo,203.42,María Rodríguez,16.9,Rechazado,0,3.6,17.05,True
REC-000601,2025-07-31,Complejo,308.13,Ana García,20.4,Pendiente,0,2.4,20.62,True
REC-000602,2025-06-23,Simple,85.95,Ana García,9.9,Aprobado,1,4.1,12.24,True
REC-000603,2025-07-23,Simple,134.76,María Rodríguez,12.3,Pendiente,0,3.5,12.46,False
REC-000604,2025-10-04,Muy Complejo,1911.2,Carlos López,55.9,Aprobado,0,4.3,39.52,True
REC-000605,2025-05-13,Simple,60.57,Ana García,14.4,Aprobado,1,3.6,13.05,False
REC-000606,2025-04-22,Muy Complejo,1325.11,Juan Pérez,69.2,Rechazado,4,1.8,38.41,False
REC-000607,2025-09-19,Simple,95.37,María Rodríguez,9.4,Aprobado,0,4.2,8.8,True
REC-000608,2025-08-22,Simple,108.81,Laura Martín,12.7,Aprobado,0,4.5,9.29,True
REC-000609,2025-06-04,Simple,94.9,Juan Pérez,16.9,Aprobado,1,5.0,10.9,False
REC-000610,2025-06-06,Simple,115.86,Carlos López,11.6,Aprobado,0,4.0,12.04,False
REC-000611,2025-05-03,Simple,81.21,Ana García,12.4,Aprobado,0,4.6,11.07,False
REC-000612,2025-06-14,Complejo,770.64,Ana García,24.4,Rechazado,4,2.2,18.43,True
REC-000613,2025-05-02,Complejo,342.24,Carlos López,10.4,Aprobado,1,4.4,19.16,False
REC-000614,2025-06-14,Simple,130.0,Juan Pérez,10.6,Aprobado,0,5.0,11.58,True
REC-000615,2025-09-09,Simple,93.41,Juan Pérez,10.1,Aprobado,1,4.4,11.55,True
REC-000616,2025-10-06,Complejo,613.73,Laura Martín,16.0,Aprobado,1,5.0,15.37,False
REC-000617,2025-04-30,Simple,88.53,Carlos López,12.0,Pendiente,1,4.1,9.93,True
REC-000618,2025-09-12,Simple,68.63,Ana García,11.9,Aprobado,0,3.7,5.37,True
REC-000619,2025-10-10,Complejo,432.96,María Rodríguez,26.0,Aprobado,0,4.2,21.61,True
REC-000620,2025-05-11,Complejo,501.04,Ana García,19.2,Aprobado,2,3.7,15.36,True
REC-000621,2025-09-12,Simple,135.58,Carlos López,16.6,Aprobado,0,4.3,11.0,True
REC-000622,2025-10-07,Simple,127.33,Ana García,10.5,Pendiente,0,3.1,8.05,True
REC-000623,2025-08-01,Simple,93.58,Laura Martín,14.9,Pendiente,1,4.0,10.08,False
REC-000624,2025-09-02,Simple,80.27,Laura Martín,13.0,Aprobado,0,4.1,11.94,True
REC-000625,2025-05-04,Simple,61.17,Carlos López,11.7,Aprobado,0,3.7,10.95,True
REC-000626,2025-06-14,Simple,120.14,Laura Martín,15.5,Rechazado,4,4.3,7.98,False
REC-000627,2025-09-21,Muy Complejo,1840.25,María Rodríguez,54.5,Aprobado,0,4.6,36.51,False
REC-000628,2025-05-14,Complejo,65.72,María Rodríguez,23.9,Aprobado,0,3.8,21.87,False
REC-000629,2025-05-31,Complejo,706.77,María Rodríguez,20.0,Aprobado,2,3.4,18.09,False
REC-000630,2025-06-18,Simple,14.06,María Rodríguez,6.3,Aprobado,0,5.0,10.09,True
REC-000631,2025-07-16,Complejo,607.22,María Rodríguez,27.6,Aprobado,0,4.1,21.02,True
REC-000632,2025-09-03,Simple,92.66,Laura Martín,13.5,Aprobado,0,4.8,9.0,True
REC-000633,2025-05-11,Simple,64.56,Juan Pérez,12.1,Aprobado,0,4.4,10.09,True
REC-000634,2025-08-20,Simple,96.85,Ana García,13.8,Aprobado,0,3.2,11.1,True
REC-000635,2025-08-27,Complejo,575.28,Carlos López,20.0,Rechazado,3,2.9,19.31,False
REC-000636,2025-05-14,Simple,81.03,María Rodríguez,6.4,Aprobado,1,3.9,10.15,True
REC-000637,2025-05-09,Simple,76.99,Laura Martín,10.2,Aprobado,1,4.2,8.77,True
REC-000638,2025-08-18,Simple,103.05,Carlos López,13.0,Aprobado,1,4.3,9.33,True
REC-000639,2025-05-26,Simple,139.1,Ana García,12.3,Aprobado,0,4.0,10.4,True
REC-000640,2025-05-13,Complejo,634.15,María Rodríguez,25.2,Aprobado,0,3.7,20.68,True
REC-000641,2025-09-29,Simple,84.01,Carlos López,12.6,Rechazado,2,2.8,11.03,True
REC-000642,2025-09-13,Simple,78.1,Ana García,17.9,Aprobado,0,5.0,9.67,True
REC-000643,2025-05-15,Complejo,322.7,Juan Pérez,28.3,Aprobado,0,3.1,20.55,True
REC-000644,2025-08-31,Muy Complejo,2014.72,Ana García,34.1,Aprobado,0,3.4,34.99,False
REC-000645,2025-08-11,Simple,106.72,Ana García,10.4,Pendiente,0,3.7,11.39,True
REC-000646,2025-07-27,Simple,118.69,Laura Martín,9.5,Aprobado,0,4.8,12.88,True
REC-000647,2025-10-05,Simple,78.35,Juan Pérez,10.5,Aprobado,1,5.0,10.02,False
REC-000648,2025-04-20,Complejo,402.6,María Rodríguez,22.3,Aprobado,0,4.1,20.07,False
REC-000649,2025-06-04,Simple,123.34,Ana García,13.8,Rechazado,2,3.3,13.54,True
REC-000650,2025-06-16,Complejo,281.51,Laura Martín,35.2,Aprobado,1,3.3,20.83,True
REC-000651,2025-06-01,Simple,69.64,Juan Pérez,18.3,Aprobado,0,3.1,8.96,True
REC-000652,2025-07-01,Complejo,314.2,María Rodríguez,29.8,Aprobado,0,4.4,20.71,True
REC-000653,2025-05-17,Simple,91.94,Carlos López,16.5,Aprobado,0,4.4,13.54,True
REC-000654,2025-05-09,Complejo,518.09,Carlos López,23.4,Aprobado,0,3.5,23.34,True
REC-000655,2025-09-12,Muy Complejo,2173.06,María Rodríguez,60.9,Aprobado,0,4.8,39.24,False
REC-000656,2025-07-29,Complejo,352.45,Ana García,16.5,Aprobado,1,4.3,17.75,True
REC-000657,2025-08-10,Simple,88.22,Laura Martín,12.6,Aprobado,1,4.3,10.94,False
REC-000658,2025-09-17,Complejo,365.91,Juan Pérez,27.1,Rechazado,1,2.5,20.97,False
REC-000659,2025-10-15,Simple,80.72,Ana García,14.1,Aprobado,0,4.5,10.33,False
REC-000660,2025-09-14,Simple,36.59,Carlos López,11.5,Aprobado,1,4.3,5.37,True
REC-000661,2025-07-05,Complejo,356.36,Ana García,29.7,Aprobado,0,4.2,16.91,False
REC-000662,2025-07-12,Complejo,335.2,Ana García,13.7,Aprobado,2,3.4,19.51,False
REC-000663,2025-07-11,Complejo,481.53,Juan Pérez,27.6,Rechazado,3,3.1,17.04,False
REC-000664,2025-08-06,Complejo,550.69,Laura Martín,20.4,Rechazado,2,2.7,19.24,True
REC-000665,2025-05-02,Complejo,391.6,Juan Pérez,14.0,Aprobado,2,3.7,23.25,True
REC-000666,2025-05-15,Simple,75.08,Carlos López,17.3,Rechazado,3,2.9,10.28,True
REC-000667,2025-05-13,Complejo,364.36,Carlos López,20.7,Aprobado,1,3.7,21.12,True
REC-000668,2025-05-26,Complejo,262.73,Ana García,28.8,Rechazado,1,2.5,20.29,False
REC-000669,2025-07-18,Simple,105.99,Ana García,15.3,Aprobado,0,3.7,12.96,True
REC-000670,2025-10-13,Simple,84.16,Carlos López,12.3,Rechazado,4,3.5,10.27,False
REC-000671,2025-05-29,Simple,78.29,Ana García,10.5,Aprobado,0,4.6,6.61,True
REC-000672,2025-08-19,Simple,117.66,Ana García,14.2,Aprobado,0,3.8,10.97,False
REC-000673,2025-06-26,Simple,134.0,María Rodríguez,8.4,Aprobado,1,4.8,8.62,True
REC-000674,2025-08-06,Muy Complejo,2004.29,Carlos López,52.0,Aprobado,1,5.0,41.21,True
REC-000675,2025-07-20,Simple,76.85,Juan Pérez,10.4,Aprobado,1,4.0,11.07,True
REC-000676,2025-09-08,Simple,136.06,Juan Pérez,11.6,Aprobado,1,4.2,9.02,False
REC-000677,2025-07-10,Simple,106.76,Ana García,16.7,Aprobado,0,4.0,6.9,True
REC-000678,2025-09-30,Simple,76.2,Laura Martín,13.3,Pendiente,2,3.7,10.49,True
REC-000679,2025-06-05,Simple,90.13,Juan Pérez,17.5,Aprobado,0,4.3,8.56,False
REC-000680,2025-06-16,Complejo,323.41,Juan Pérez,25.7,Aprobado,1,5.0,18.28,True
REC-000681,2025-06-23,Muy Complejo,1922.62,Juan Pérez,35.3,Aprobado,0,4.6,38.33,True
REC-000682,2025-05-06,Complejo,569.34,Laura Martín,16.6,Aprobado,1,3.5,21.65,True
REC-000683,2025-05-01,Complejo,780.29,Ana García,24.2,Aprobado,1,4.6,22.69,False
REC-000684,2025-10-08,Simple,85.47,Ana García,11.9,Aprobado,0,3.8,6.83,False
REC-000685,2025-09-06,Simple,139.83,Juan Pérez,18.6,Pendiente,2,2.9,11.14,True
REC-000686,2025-05-12,Simple,63.49,Laura Martín,15.4,Aprobado,2,3.5,9.25,True
REC-000687,2025-08-20,Complejo,414.41,Carlos López,25.2,Aprobado,0,4.0,23.42,False
REC-000688,2025-05-23,Simple,39.03,Juan Pérez,8.4,Aprobado,0,5.0,8.12,False
REC-000689,2025-09-10,Simple,56.44,Laura Martín,10.5,Aprobado,0,4.4,12.33,False
REC-000690,2025-09-09,Simple,61.66,Juan Pérez,14.2,Aprobado,0,3.3,6.83,True
REC-000691,2025-08-01,Complejo,256.45,Carlos López,19.8,Aprobado,1,3.6,17.26,True
REC-000692,2025-04-26,Complejo,379.48,Ana García,31.0,Aprobado,0,3.6,23.16,True
REC-000693,2025-08-30,Simple,164.79,Juan Pérez,6.4,Aprobado,0,3.8,12.9,False
REC-000694,2025-07-28,Simple,100.37,María Rodríguez,8.4,Aprobado,0,4.4,11.58,True
REC-000695,2025-09-08,Simple,48.88,María Rodríguez,9.3,Aprobado,1,4.0,12.57,True
REC-000696,2025-05-26,Complejo,774.55,Ana García,19.9,Aprobado,1,4.1,18.12,True
REC-000697,2025-09-05,Muy Complejo,1974.94,Ana García,46.5,Aprobado,2,4.4,39.19,False
REC-000698,2025-08-05,Muy Complejo,1968.68,María Rodríguez,41.7,Aprobado,0,4.0,35.59,True
REC-000699,2025-04-28,Complejo,431.75,Juan Pérez,21.8,Pendiente,3,4.1,21.37,False
REC-000700,2025-07-22,Complejo,445.65,Juan Pérez,28.5,Pendiente,1,3.9,20.31,True
REC-000701,2025-08-11,Simple,92.82,Ana García,14.0,Rechazado,3,2.1,11.4,True
REC-000702,2025-09-03,Simple,85.05,Laura Martín,14.5,Aprobado,2,4.5,10.14,True
REC-000703,2025-10-14,Simple,128.76,Laura Martín,15.4,Pendiente,0,3.1,9.72,False
REC-000704,2025-04-20,Complejo,811.07,María Rodríguez,19.3,Aprobado,0,4.7,18.76,True
REC-000705,2025-05-09,Simple,76.45,Carlos López,8.4,Aprobado,0,4.8,9.31,True
REC-000706,2025-06-28,Complejo,697.73,Carlos López,15.9,Rechazado,6,3.3,19.87,False
REC-000707,2025-05-21,Simple,95.69,Juan Pérez,11.5,Aprobado,1,4.4,7.8,True
REC-000708,2025-05-27,Complejo,498.0,Ana García,21.9,Rechazado,2,2.6,20.35,True
REC-000709,2025-05-29,Simple,141.71,Carlos López,17.4,Aprobado,0,4.0,9.08,True
REC-000710,2025-05-24,Complejo,474.25,Laura Martín,30.6,Pendiente,2,3.3,17.33,True
REC-000711,2025-07-03,Simple,61.99,Carlos López,13.3,Aprobado,1,4.3,9.23,True
REC-000712,2025-08-06,Simple,129.19,Juan Pérez,9.2,Rechazado,5,2.3,9.38,True
REC-000713,2025-08-17,Complejo,610.64,Carlos López,19.8,Aprobado,0,4.0,20.64,True
REC-000714,2025-04-27,Complejo,646.81,Laura Martín,22.5,Aprobado,1,4.4,19.54,True
REC-000715,2025-07-16,Simple,68.68,María Rodríguez,13.8,Pendiente,1,3.0,13.0,True
REC-000716,2025-05-04,Simple,57.88,Ana García,2.2,Aprobado,0,4.0,9.7,False
REC-000717,2025-07-26,Muy Complejo,2766.5,Carlos López,62.6,Aprobado,0,3.5,41.8,True
REC-000718,2025-06-08,Simple,79.88,Juan Pérez,8.5,Aprobado,0,4.2,11.47,True
REC-000719,2025-06-17,Simple,78.8,Carlos López,13.1,Aprobado,0,3.6,11.99,True
REC-000720,2025-04-29,Complejo,466.84,Carlos López,18.5,Aprobado,0,4.1,19.31,True
REC-000721,2025-04-25,Complejo,505.64,Ana García,22.1,Aprobado,0,4.4,20.33,False
REC-000722,2025-05-22,Simple,91.47,María Rodríguez,14.3,Aprobado,2,3.2,10.61,True
REC-000723,2025-07-23,Simple,128.74,Juan Pérez,14.0,Aprobado,0,4.8,7.46,False
REC-000724,2025-06-19,Simple,66.86,Laura Martín,14.0,Aprobado,0,4.5,11.16,False
REC-000725,2025-08-18,Complejo,659.81,Ana García,22.5,Pendiente,2,3.8,18.61,True
REC-000726,2025-08-04,Simple,149.41,Laura Martín,16.6,Aprobado,1,4.5,15.08,False
REC-000727,2025-07-22,Simple,64.53,Ana García,13.2,Aprobado,1,4.0,10.55,False
REC-000728,2025-05-30,Simple,115.04,Carlos López,12.0,Rechazado,1,3.0,10.69,False
REC-000729,2025-06-11,Simple,114.51,Ana García,13.7,Aprobado,0,4.3,8.01,False
REC-000730,2025-05-07,Complejo,574.95,María Rodríguez,31.6,Aprobado,0,3.4,23.13,True
REC-000731,2025-06-12,Simple,116.71,Laura Martín,5.9,Aprobado,1,5.0,9.52,True
REC-000732,2025-09-07,Simple,40.2,Juan Pérez,15.9,Pendiente,1,3.8,11.03,True
REC-000733,2025-08-13,Complejo,578.06,Juan Pérez,23.6,Rechazado,2,3.0,16.41,True
REC-000734,2025-07-16,Muy Complejo,1795.13,Laura Martín,60.2,Aprobado,1,4.5,42.53,True
REC-000735,2025-06-22,Simple,127.06,Carlos López,16.8,Aprobado,0,3.9,8.78,True
REC-000736,2025-06-29,Simple,125.73,Juan Pérez,6.8,Rechazado,4,1.5,12.04,True
REC-000737,2025-06-05,Muy Complejo,2383.74,Laura Martín,48.0,Rechazado,4,2.8,39.82,True
REC-000738,2025-06-01,Simple,67.29,Juan Pérez,11.6,Rechazado,2,2.4,5.4,True
REC-000739,2025-05-14,Simple,88.2,María Rodríguez,9.7,Aprobado,0,4.2,6.51,True
REC-000740,2025-08-27,Simple,126.94,María Rodríguez,15.6,Aprobado,1,4.5,8.13,True
REC-000741,2025-09-01,Simple,75.74,Ana García,9.2,Aprobado,0,3.6,13.07,False
REC-000742,2025-04-26,Complejo,663.71,María Rodríguez,28.7,Pendiente,0,4.0,16.88,False
REC-000743,2025-06-12,Simple,86.58,Laura Martín,6.8,Pendiente,2,3.2,10.86,True
REC-000744,2025-06-02,Simple,128.08,Laura Martín,14.3,Aprobado,1,4.2,10.13,False
REC-000745,2025-08-22,Simple,62.49,Ana García,12.6,Rechazado,6,3.0,9.83,False
REC-000746,2025-06-08,Complejo,649.56,Laura Martín,30.8,Aprobado,0,3.3,19.76,True
REC-000747,2025-10-14,Simple,118.26,Carlos López,15.3,Aprobado,1,5.0,7.19,False
REC-000748,2025-09-08,Simple,143.03,Ana García,12.9,Aprobado,0,4.6,12.47,False
REC-000749,2025-05-18,Complejo,244.29,Juan Pérez,29.9,Rechazado,4,2.8,20.32,True
REC-000750,2025-05-15,Simple,73.48,Ana García,17.4,Aprobado,1,4.6,10.17,False
REC-000751,2025-07-07,Simple,85.87,María Rodríguez,10.5,Pendiente,0,4.2,7.45,True
REC-000752,2025-09-21,Simple,112.38,Ana García,12.9,Rechazado,3,2.2,9.12,False
REC-000753,2025-07-15,Muy Complejo,2148.61,Laura Martín,68.0,Aprobado,0,5.0,39.96,False
REC-000754,2025-06-29,Simple,150.33,Ana García,9.5,Aprobado,0,3.5,7.77,True
REC-000755,2025-04-20,Simple,136.06,Juan Pérez,12.0,Rechazado,3,1.7,9.6,False
REC-000756,2025-10-01,Simple,126.7,María Rodríguez,10.2,Pendiente,2,2.8,6.32,True
REC-000757,2025-07-25,Simple,104.5,Carlos López,14.2,Aprobado,0,3.5,9.09,True
REC-000758,2025-09-27,Simple,128.69,Carlos López,11.8,Aprobado,1,4.0,9.82,True
REC-000759,2025-04-26,Muy Complejo,1953.73,María Rodríguez,48.4,Pendiente,0,2.6,39.98,True
REC-000760,2025-05-19,Simple,108.8,Laura Martín,17.5,Pendiente,3,3.0,13.45,True
REC-000761,2025-08-15,Simple,90.99,Ana García,8.1,Aprobado,0,5.0,10.87,False
REC-000762,2025-07-03,Simple,66.39,Juan Pérez,9.7,Aprobado,1,4.3,9.41,False
REC-000763,2025-06-17,Complejo,577.75,María Rodríguez,28.3,Rechazado,5,2.4,17.36,False
REC-000764,2025-04-30,Complejo,333.11,Carlos López,27.9,Aprobado,0,3.8,21.69,True
REC-000765,2025-06-29,Simple,16.61,María Rodríguez,8.9,Aprobado,0,3.5,13.61,True
REC-000766,2025-08-26,Complejo,513.26,Juan Pérez,21.9,Aprobado,0,4.3,18.32,True
REC-000767,2025-07-05,Complejo,318.62,Ana García,20.5,Aprobado,1,3.9,21.53,True
REC-000768,2025-09-15,Simple,126.71,María Rodríguez,12.2,Aprobado,0,3.9,12.33,True
REC-000769,2025-06-09,Simple,93.09,Laura Martín,8.4,Aprobado,0,4.0,8.43,False
REC-000770,2025-09-25,Simple,85.11,Carlos López,17.1,Aprobado,0,4.4,8.79,True
REC-000771,2025-04-24,Simple,91.39,Laura Martín,15.5,Aprobado,0,4.7,13.26,True
REC-000772,2025-07-05,Simple,139.0,Laura Martín,14.9,Rechazado,2,1.8,11.87,False
REC-000773,2025-06-11,Simple,45.5,Laura Martín,8.0,Aprobado,0,3.7,6.49,False
REC-000774,2025-06-19,Complejo,313.67,Laura Martín,30.5,Aprobado,1,4.8,20.46,True
REC-000775,2025-05-13,Simple,94.13,Carlos López,11.3,Aprobado,0,4.0,9.94,False
REC-000776,2025-10-07,Simple,74.17,María Rodríguez,12.7,Rechazado,2,2.3,13.42,True
REC-000777,2025-08-21,Complejo,707.03,Juan Pérez,29.3,Aprobado,0,4.1,18.66,True
REC-000778,2025-09-06,Complejo,514.26,Juan Pérez,29.1,Aprobado,1,3.9,19.4,True
REC-000779,2025-09-27,Simple,86.04,Juan Pérez,14.4,Aprobado,0,3.8,10.28,False
REC-000780,2025-08-26,Muy Complejo,2353.73,María Rodríguez,57.3,Aprobado,1,3.5,39.37,True
REC-000781,2025-08-30,Simple,98.95,Ana García,9.4,Pendiente,2,3.6,10.26,False
REC-000782,2025-10-01,Complejo,438.92,María Rodríguez,29.9,Aprobado,0,4.5,18.04,True
REC-000783,2025-10-15,Simple,92.71,Carlos López,14.6,Rechazado,2,2.4,11.61,True
REC-000784,2025-08-29,Muy Complejo,2230.4,Laura Martín,29.7,Aprobado,1,3.5,40.62,True
REC-000785,2025-05-03,Simple,91.89,Ana García,11.9,Rechazado,3,4.1,11.07,True
REC-000786,2025-06-11,Simple,148.17,Juan Pérez,5.8,Aprobado,1,4.6,8.4,False
REC-000787,2025-07-01,Simple,116.76,Carlos López,11.5,Aprobado,0,4.9,12.19,True
REC-000788,2025-09-21,Simple,62.06,Ana García,12.2,Aprobado,0,4.6,7.82,False
REC-000789,2025-06-27,Simple,120.25,María Rodríguez,6.9,Aprobado,2,4.5,10.49,True
REC-000790,2025-04-24,Complejo,515.4,María Rodríguez,22.2,Rechazado,2,2.8,22.17,False
REC-000791,2025-06-19,Muy Complejo,1065.05,Carlos López,37.0,Aprobado,0,4.2,39.17,True
REC-000792,2025-07-08,Complejo,468.4,Carlos López,17.5,Aprobado,0,4.2,19.23,True
REC-000793,2025-07-27,Muy Complejo,1895.9,María Rodríguez,53.6,Aprobado,0,4.5,40.2,False
REC-000794,2025-07-29,Complejo,600.25,Laura Martín,13.9,Rechazado,4,2.7,21.22,False
REC-000795,2025-09-22,Simple,31.18,Carlos López,12.9,Rechazado,3,1.4,9.27,False
REC-000796,2025-06-15,Complejo,651.41,Juan Pérez,26.1,Aprobado,1,4.2,18.44,False
REC-000797,2025-08-07,Simple,125.92,Juan Pérez,11.7,Rechazado,2,2.4,7.81,False
REC-000798,2025-08-05,Complejo,609.47,Carlos López,18.4,Aprobado,0,3.2,19.11,True
REC-000799,2025-06-19,Simple,121.69,Carlos López,18.2,Aprobado,0,4.4,11.13,True
REC-000800,2025-07-17,Complejo,521.23,Juan Pérez,34.0,Aprobado,0,4.1,22.88,False
REC-000801,2025-05-15,Complejo,306.36,Laura Martín,21.6,Aprobado,0,3.6,23.71,True
REC-000802,2025-08-21,Complejo,409.77,Carlos López,27.3,Aprobado,0,4.2,19.9,False
REC-000803,2025-04-23,Simple,110.19,Carlos López,7.3,Pendiente,0,3.5,6.96,True
REC-000804,2025-08-19,Simple,72.01,Laura Martín,9.0,Aprobado,1,4.7,14.46,True
REC-000805,2025-10-11,Simple,99.67,Ana García,11.8,Aprobado,1,4.7,11.87,True
REC-000806,2025-07-04,Muy Complejo,1942.23,Juan Pérez,63.2,Rechazado,3,2.8,37.58,True
REC-000807,2025-09-08,Simple,82.47,María Rodríguez,19.4,Aprobado,0,4.4,10.41,True
REC-000808,2025-06-26,Simple,137.61,María Rodríguez,17.1,Pendiente,1,3.6,8.33,True
REC-000809,2025-06-13,Complejo,513.64,María Rodríguez,5.7,Rechazado,3,2.7,21.54,False
REC-000810,2025-08-03,Simple,55.13,María Rodríguez,15.5,Aprobado,0,4.7,12.15,False
REC-000811,2025-09-14,Simple,59.84,Laura Martín,11.3,Aprobado,0,4.3,9.16,True
REC-000812,2025-08-20,Simple,118.12,María Rodríguez,14.2,Pendiente,0,4.0,8.51,True
REC-000813,2025-04-28,Complejo,342.47,Carlos López,18.2,Aprobado,0,5.0,20.56,True
REC-000814,2025-07-28,Complejo,505.55,Ana García,24.7,Aprobado,0,4.5,19.76,False
REC-000815,2025-08-17,Muy Complejo,2213.14,Juan Pérez,60.1,Rechazado,2,4.0,44.55,True
REC-000816,2025-07-06,Complejo,489.66,María Rodríguez,24.1,Pendiente,0,3.5,16.52,False
REC-000817,2025-06-29,Simple,116.39,Carlos López,10.0,Aprobado,0,3.6,8.36,True
REC-000818,2025-09-04,Simple,106.27,María Rodríguez,14.5,Rechazado,3,3.0,11.79,True
REC-000819,2025-08-14,Muy Complejo,1620.16,Ana García,56.0,Aprobado,1,4.5,37.55,False
REC-000820,2025-08-26,Complejo,695.12,María Rodríguez,17.7,Rechazado,1,3.1,21.8,False
REC-000821,2025-08-08,Simple,118.97,Carlos López,10.4,Aprobado,2,4.4,11.67,True
REC-000822,2025-05-13,Simple,81.41,María Rodríguez,9.4,Rechazado,4,2.8,13.06,True
REC-000823,2025-10-14,Simple,88.73,Ana García,14.1,Aprobado,2,4.5,12.08,True
REC-000824,2025-07-28,Complejo,537.25,Ana García,19.5,Rechazado,2,2.0,19.22,False
REC-000825,2025-07-08,Simple,92.14,Juan Pérez,11.6,Aprobado,1,4.2,8.02,True
REC-000826,2025-04-21,Complejo,529.04,Laura Martín,22.8,Aprobado,1,3.9,20.18,True
REC-000827,2025-10-06,Complejo,346.68,Laura Martín,17.7,Aprobado,1,4.1,17.67,True
REC-000828,2025-07-05,Simple,137.79,Carlos López,18.1,Aprobado,0,5.0,8.28,True
REC-000829,2025-07-18,Simple,106.4,Laura Martín,10.4,Aprobado,1,3.9,13.96,True
REC-000830,2025-07-17,Complejo,503.99,Laura Martín,29.4,Aprobado,1,3.9,19.38,True
REC-000831,2025-09-17,Simple,168.11,Juan Pérez,12.2,Aprobado,0,4.4,7.85,True
REC-000832,2025-05-27,Simple,98.04,Laura Martín,9.6,Aprobado,2,3.9,10.26,False
REC-000833,2025-06-05,Simple,127.72,María Rodríguez,16.4,Aprobado,1,3.8,8.38,True
REC-000834,2025-06-04,Muy Complejo,1727.49,Juan Pérez,50.6,Aprobado,1,4.9,38.34,False
REC-000835,2025-10-15,Simple,91.88,María Rodríguez,15.4,Aprobado,1,3.9,8.12,False
REC-000836,2025-08-29,Simple,99.01,María Rodríguez,10.4,Aprobado,2,4.7,10.94,True
REC-000837,2025-07-21,Simple,110.38,Juan Pérez,12.8,Aprobado,1,3.4,7.69,True
REC-000838,2025-07-27,Simple,89.22,María Rodríguez,15.6,Aprobado,0,3.7,12.7,False
REC-000839,2025-10-10,Complejo,554.45,Ana García,13.7,Aprobado,0,3.8,19.74,True
REC-000840,2025-06-25,Simple,101.55,Carlos López,16.4,Aprobado,0,4.2,5.28,True
REC-000841,2025-08-16,Simple,101.3,Laura Martín,14.7,Aprobado,0,4.7,9.08,True
REC-000842,2025-06-09,Simple,126.71,Laura Martín,15.2,Pendiente,0,3.7,10.34,False
REC-000843,2025-05-27,Simple,92.98,Ana García,6.7,Aprobado,0,4.7,6.61,False
REC-000844,2025-08-19,Muy Complejo,1436.56,Laura Martín,60.4,Aprobado,0,4.0,39.9,True
REC-000845,2025-05-05,Complejo,502.63,Carlos López,18.5,Aprobado,1,3.5,20.79,True
REC-000846,2025-09-01,Muy Complejo,2951.08,Carlos López,45.5,Aprobado,3,4.7,39.46,True
REC-000847,2025-10-05,Simple,121.36,Laura Martín,9.1,Aprobado,0,4.7,12.68,True
REC-000848,2025-08-16,Simple,178.14,Juan Pérez,13.2,Aprobado,0,4.3,12.59,True
REC-000849,2025-10-10,Simple,38.41,Carlos López,8.5,Rechazado,3,1.9,9.11,True
REC-000850,2025-08-12,Complejo,414.08,Juan Pérez,30.7,Aprobado,0,3.5,20.47,False
REC-000851,2025-08-24,Simple,93.56,Laura Martín,1.2,Aprobado,0,4.8,11.08,True
REC-000852,2025-07-01,Complejo,403.83,Carlos López,26.5,Aprobado,0,3.7,20.43,True
REC-000853,2025-07-02,Complejo,723.95,María Rodríguez,23.0,Aprobado,1,4.7,17.18,True
REC-000854,2025-06-25,Simple,138.3,Carlos López,12.2,Aprobado,1,3.5,12.49,False
REC-000855,2025-07-29,Simple,109.98,Ana García,8.0,Aprobado,1,3.8,12.64,False
REC-000856,2025-08-30,Complejo,474.14,Ana García,13.6,Aprobado,0,4.9,19.27,True
REC-000857,2025-05-28,Simple,97.36,Juan Pérez,10.6,Aprobado,0,4.4,10.33,True
REC-000858,2025-09-13,Complejo,458.46,Ana García,24.5,Aprobado,0,4.0,20.02,True
REC-000859,2025-05-18,Complejo,374.09,Ana García,21.6,Rechazado,1,3.2,23.77,False
REC-000860,2025-08-31,Complejo,503.28,Juan Pérez,25.9,Aprobado,0,4.1,19.04,False
REC-000861,2025-06-28,Simple,35.25,Juan Pérez,10.1,Aprobado,2,4.3,11.96,True
REC-000862,2025-08-26,Simple,124.63,María Rodríguez,9.3,Rechazado,5,4.0,10.4,False
REC-000863,2025-07-06,Simple,103.42,Laura Martín,9.6,Aprobado,0,4.7,5.95,False
REC-000864,2025-08-22,Complejo,294.39,Laura Martín,31.2,Aprobado,1,4.5,23.33,True
REC-000865,2025-05-13,Simple,121.76,Ana García,14.6,Rechazado,4,2.2,8.86,True
REC-000866,2025-06-05,Complejo,646.46,Laura Martín,29.6,Aprobado,1,3.7,19.27,True
REC-000867,2025-05-20,Simple,119.26,María Rodríguez,11.2,Aprobado,0,4.6,9.51,True
REC-000868,2025-08-09,Complejo,596.97,María Rodríguez,37.9,Aprobado,1,3.8,22.09,True
REC-000869,2025-07-30,Simple,97.95,Laura Martín,9.1,Aprobado,1,4.1,8.3,True
REC-000870,2025-05-22,Simple,117.69,Carlos López,3.5,Aprobado,0,4.1,12.78,True
REC-000871,2025-09-16,Complejo,571.78,Ana García,15.3,Rechazado,1,3.7,18.45,True
REC-000872,2025-06-18,Simple,123.48,María Rodríguez,6.3,Pendiente,0,2.7,9.52,True
REC-000873,2025-05-19,Complejo,531.89,Juan Pérez,18.0,Aprobado,1,4.1,16.97,False
REC-000874,2025-10-09,Simple,117.99,Laura Martín,12.3,Pendiente,1,3.2,13.48,True
REC-000875,2025-05-27,Simple,70.01,María Rodríguez,10.5,Aprobado,1,4.8,11.37,False
REC-000876,2025-07-02,Complejo,460.73,Carlos López,39.2,Aprobado,0,4.1,19.09,True
REC-000877,2025-09-01,Muy Complejo,1917.17,María Rodríguez,48.4,Aprobado,2,4.3,41.48,True
REC-000878,2025-08-03,Simple,114.77,Laura Martín,13.1,Pendiente,0,4.0,7.04,True
REC-000879,2025-06-03,Simple,127.29,Laura Martín,11.7,Aprobado,0,3.7,8.92,False
REC-000880,2025-09-10,Simple,81.91,Carlos López,13.1,Aprobado,0,4.9,12.23,False
REC-000881,2025-06-23,Complejo,374.08,Juan Pérez,21.8,Aprobado,0,4.4,19.54,True
REC-000882,2025-06-17,Complejo,422.78,Ana García,24.0,Aprobado,1,3.9,19.08,True
REC-000883,2025-05-15,Complejo,700.82,Ana García,13.4,Aprobado,0,5.0,21.42,True
REC-000884,2025-09-16,Simple,70.36,Juan Pérez,14.2,Aprobado,1,5.0,6.85,True
REC-000885,2025-05-03,Simple,107.15,Laura Martín,9.5,Rechazado,0,3.1,9.41,False
REC-000886,2025-08-23,Complejo,530.34,Ana García,22.7,Aprobado,1,3.8,24.42,True
REC-000887,2025-04-22,Complejo,577.81,Carlos López,29.7,Aprobado,2,4.2,22.43,True
REC-000888,2025-06-10,Simple,56.76,María Rodríguez,10.7,Pendiente,2,2.1,8.87,False
REC-000889,2025-08-23,Complejo,316.75,Ana García,11.2,Aprobado,0,3.4,20.17,True
REC-000890,2025-05-03,Complejo,788.84,Carlos López,17.4,Aprobado,0,3.4,17.19,True
REC-000891,2025-05-23,Complejo,490.84,Ana García,24.4,Aprobado,0,5.0,20.45,True
REC-000892,2025-07-12,Muy Complejo,2476.59,María Rodríguez,57.5,Aprobado,1,4.4,39.21,True
REC-000893,2025-10-04,Complejo,698.81,Laura Martín,29.0,Aprobado,1,4.3,18.02,False
REC-000894,2025-09-22,Complejo,565.24,Carlos López,12.5,Aprobado,0,4.4,19.32,False
REC-000895,2025-08-13,Simple,128.43,Laura Martín,14.0,Aprobado,0,4.9,6.48,True
REC-000896,2025-08-30,Muy Complejo,1880.4,Ana García,40.2,Aprobado,0,4.2,36.44,True
REC-000897,2025-09-12,Simple,119.81,Carlos López,11.6,Aprobado,1,3.9,8.26,True
REC-000898,2025-05-04,Complejo,494.47,Ana García,20.5,Aprobado,0,4.4,22.41,False
REC-000899,2025-08-29,Simple,102.86,Ana García,10.4,Rechazado,3,2.2,9.68,True
REC-000900,2025-06-11,Simple,124.07,Juan Pérez,13.0,Aprobado,2,4.0,8.7,False
REC-000901,2025-09-04,Complejo,631.85,Carlos López,18.3,Aprobado,0,3.7,23.64,True
REC-000902,2025-06-05,Simple,108.44,Carlos López,17.5,Aprobado,0,4.0,12.76,False
REC-000903,2025-07-05,Simple,113.95,Carlos López,6.5,Aprobado,0,4.3,8.88,True
REC-000904,2025-08-07,Muy Complejo,1637.88,Carlos López,29.0,Aprobado,0,4.5,40.56,True
REC-000905,2025-07-15,Simple,99.88,Juan Pérez,11.2,Aprobado,0,4.1,13.15,True
REC-000906,2025-06-26,Complejo,378.77,Juan Pérez,22.5,Aprobado,0,3.4,17.86,True
REC-000907,2025-05-16,Simple,148.0,Juan Pérez,16.6,Pendiente,1,3.7,7.97,True
REC-000908,2025-09-22,Simple,112.25,Ana García,14.8,Aprobado,0,4.1,10.5,True
REC-000909,2025-10-07,Complejo,516.15,Carlos López,30.0,Aprobado,2,3.5,16.27,True
REC-000910,2025-05-26,Simple,88.05,Carlos López,10.7,Aprobado,1,4.3,12.16,False
REC-000911,2025-06-25,Muy Complejo,2270.6,Carlos López,58.7,Aprobado,1,4.1,36.45,False
REC-000912,2025-06-10,Complejo,428.9,María Rodríguez,29.5,Rechazado,6,2.3,22.93,True
REC-000913,2025-05-24,Simple,131.68,Carlos López,14.4,Aprobado,0,4.5,7.15,False
REC-000914,2025-05-13,Simple,53.11,Ana García,14.2,Aprobado,0,3.9,9.11,True
REC-000915,2025-09-02,Simple,88.26,María Rodríguez,11.9,Aprobado,0,4.8,8.91,True
REC-000916,2025-06-07,Complejo,571.97,María Rodríguez,29.4,Aprobado,1,4.5,20.0,False
REC-000917,2025-10-14,Simple,76.52,Ana García,11.5,Rechazado,0,2.9,11.17,True
REC-000918,2025-05-30,Simple,113.12,María Rodríguez,15.9,Aprobado,0,5.0,11.56,True
REC-000919,2025-06-16,Complejo,392.1,Ana García,24.3,Aprobado,0,5.0,20.22,True
REC-000920,2025-06-12,Complejo,577.55,Ana García,18.8,Aprobado,1,4.6,22.05,True
REC-000921,2025-08-30,Muy Complejo,2107.82,Juan Pérez,50.3,Aprobado,1,4.8,40.47,True
REC-000922,2025-05-17,Simple,44.82,María Rodríguez,9.6,Pendiente,3,3.2,8.18,True
REC-000923,2025-09-14,Complejo,376.21,Juan Pérez,21.0,Aprobado,0,3.9,20.42,True
REC-000924,2025-10-09,Complejo,475.99,Laura Martín,22.5,Pendiente,1,2.6,18.2,True
REC-000925,2025-09-07,Simple,82.52,María Rodríguez,10.0,Pendiente,1,3.3,12.43,False
REC-000926,2025-08-26,Simple,40.3,Ana García,13.0,Aprobado,0,4.2,12.11,True
REC-000927,2025-07-28,Simple,118.36,María Rodríguez,10.7,Aprobado,0,4.0,10.32,True
REC-000928,2025-09-02,Complejo,471.92,Carlos López,28.8,Aprobado,1,4.7,17.51,False
REC-000929,2025-05-07,Simple,65.04,Juan Pérez,7.2,Aprobado,0,4.1,10.0,True
REC-000930,2025-05-03,Simple,132.54,Juan Pérez,9.0,Aprobado,0,3.8,11.43,True
REC-000931,2025-08-24,Complejo,563.89,Ana García,25.1,Rechazado,2,2.9,16.65,True
REC-000932,2025-05-10,Complejo,566.49,María Rodríguez,25.1,Aprobado,1,3.6,20.76,True
REC-000933,2025-05-12,Simple,65.31,Carlos López,19.6,Aprobado,0,3.9,13.35,False
REC-000934,2025-08-14,Complejo,404.09,Juan Pérez,20.3,Aprobado,1,4.5,23.48,False
REC-000935,2025-05-13,Simple,71.79,Ana García,10.8,Aprobado,0,3.8,9.84,False
REC-000936,2025-06-17,Complejo,532.16,Laura Martín,23.0,Aprobado,0,3.9,20.79,True
REC-000937,2025-05-24,Simple,105.64,Carlos López,9.4,Aprobado,0,3.6,12.23,False
REC-000938,2025-08-10,Complejo,367.14,Carlos López,20.3,Aprobado,0,4.7,20.05,False
REC-000939,2025-05-22,Simple,105.52,Ana García,17.2,Aprobado,0,4.4,11.2,True
REC-000940,2025-07-16,Complejo,725.33,Juan Pérez,23.4,Aprobado,0,4.4,18.85,True
REC-000941,2025-04-26,Simple,88.64,Laura Martín,13.2,Aprobado,0,4.8,14.19,False
REC-000942,2025-09-10,Complejo,585.67,Laura Martín,19.7,Aprobado,0,3.8,21.7,True
REC-000943,2025-07-08,Simple,92.11,María Rodríguez,5.4,Pendiente,2,3.3,11.1,False
REC-000944,2025-05-04,Simple,90.61,Carlos López,3.2,Aprobado,2,4.8,8.75,True
REC-000945,2025-06-26,Complejo,343.36,Carlos López,27.5,Aprobado,0,4.0,20.42,True
REC-000946,2025-06-27,Simple,103.74,Carlos López,13.8,Aprobado,0,4.4,6.27,False
REC-000947,2025-09-04,Complejo,595.78,María Rodríguez,34.2,Aprobado,1,3.8,20.78,True
REC-000948,2025-05-08,Simple,101.82,Juan Pérez,17.8,Aprobado,0,4.2,11.08,False
REC-000949,2025-04-27,Simple,109.16,Juan Pérez,14.4,Aprobado,0,4.3,12.85,True
REC-000950,2025-09-13,Simple,135.23,Carlos López,15.6,Aprobado,1,3.3,9.16,True
REC-000951,2025-08-14,Simple,112.31,Carlos López,15.6,Aprobado,0,3.8,13.71,False
REC-000952,2025-09-11,Complejo,161.63,Carlos López,26.6,Aprobado,3,4.5,18.98,True
REC-000953,2025-09-07,Muy Complejo,1650.2,Juan Pérez,45.5,Aprobado,0,4.9,41.06,True
REC-000954,2025-06-23,Complejo,390.2,Carlos López,20.7,Rechazado,2,2.5,18.48,True
REC-000955,2025-10-04,Simple,99.21,Juan Pérez,16.4,Aprobado,0,4.8,9.43,True
REC-000956,2025-07-02,Simple,81.62,Carlos López,14.7,Aprobado,0,3.9,14.3,False
REC-000957,2025-05-18,Simple,116.38,Carlos López,10.6,Rechazado,2,3.3,6.66,True
REC-000958,2025-07-20,Simple,145.46,María Rodríguez,15.4,Pendiente,3,2.7,8.4,True
REC-000959,2025-07-19,Simple,90.54,Carlos López,8.5,Rechazado,3,3.0,7.75,False
REC-000960,2025-07-01,Simple,57.92,Ana García,6.7,Aprobado,1,4.2,10.25,True
REC-000961,2025-09-29,Complejo,645.48,Laura Martín,25.4,Aprobado,2,3.4,20.91,False
REC-000962,2025-08-11,Complejo,489.88,Ana García,31.2,Rechazado,7,3.0,17.0,True
REC-000963,2025-07-14,Complejo,331.83,Juan Pérez,32.3,Aprobado,1,4.8,19.79,True
REC-000964,2025-05-17,Muy Complejo,2265.18,Carlos López,46.6,Aprobado,1,4.1,42.43,True
REC-000965,2025-08-31,Simple,147.76,Laura Martín,10.2,Pendiente,1,4.5,11.33,False
REC-000966,2025-08-16,Muy Complejo,1043.81,Laura Martín,43.3,Aprobado,0,4.4,38.24,False
REC-000967,2025-08-23,Simple,34.76,Laura Martín,7.7,Aprobado,0,3.8,8.15,False
REC-000968,2025-05-03,Simple,103.54,María Rodríguez,5.7,Aprobado,0,4.9,9.47,True
REC-000969,2025-07-10,Simple,106.21,Juan Pérez,11.3,Aprobado,0,3.0,10.26,True
REC-000970,2025-08-13,Muy Complejo,1131.04,Ana García,73.2,Pendiente,1,3.3,35.91,True
REC-000971,2025-08-06,Complejo,592.86,Ana García,21.7,Pendiente,0,4.6,17.63,True
REC-000972,2025-08-10,Complejo,321.87,Juan Pérez,27.5,Pendiente,1,3.3,22.46,False
REC-000973,2025-08-05,Simple,76.36,María Rodríguez,14.0,Aprobado,0,4.3,11.63,True
REC-000974,2025-07-03,Simple,112.46,María Rodríguez,13.6,Aprobado,1,4.0,8.24,False
REC-000975,2025-06-13,Simple,89.03,Juan Pérez,12.8,Aprobado,1,4.0,14.05,True
REC-000976,2025-05-10,Complejo,436.52,María Rodríguez,26.3,Aprobado,0,3.9,21.8,False
REC-000977,2025-09-22,Simple,126.23,María Rodríguez,12.5,Rechazado,2,2.8,7.07,True
REC-000978,2025-05-03,Complejo,406.35,Carlos López,17.3,Aprobado,0,3.7,18.11,True
REC-000979,2025-07-05,Complejo,764.54,María Rodríguez,29.2,Aprobado,1,4.8,23.24,True
REC-000980,2025-06-05,Simple,64.61,Juan Pérez,13.4,Aprobado,1,5.0,10.49,False
REC-000981,2025-04-19,Complejo,394.0,Juan Pérez,28.3,Aprobado,0,4.7,22.53,True
REC-000982,2025-09-16,Simple,121.55,María Rodríguez,11.6,Aprobado,0,4.3,10.27,True
REC-000983,2025-10-08,Complejo,264.64,Ana García,19.0,Aprobado,1,5.0,22.21,False
REC-000984,2025-07-09,Complejo,500.25,Ana García,21.6,Aprobado,0,4.5,18.7,True
REC-000985,2025-09-14,Simple,132.0,María Rodríguez,6.9,Aprobado,2,4.6,9.49,True
REC-000986,2025-08-11,Complejo,198.75,Juan Pérez,27.4,Rechazado,3,2.1,20.32,True
REC-000987,2025-06-02,Simple,113.47,Laura Martín,9.6,Rechazado,3,3.3,13.29,True
REC-000988,2025-08-13,Complejo,336.84,Ana García,23.3,Aprobado,0,4.6,22.66,True
REC-000989,2025-07-16,Muy Complejo,2218.71,Laura Martín,39.0,Rechazado,2,2.9,39.63,False
REC-000990,2025-06-09,Simple,114.29,Carlos López,11.5,Rechazado,0,3.4,12.81,True
REC-000991,2025-05-05,Complejo,387.4,Carlos López,27.1,Aprobado,0,5.0,21.13,False
REC-000992,2025-04-28,Simple,128.59,Juan Pérez,11.1,Aprobado,0,4.8,9.57,True
REC-000993,2025-09-30,Simple,138.8,Juan Pérez,13.3,Aprobado,2,4.1,9.29,True
REC-000994,2025-05-10,Complejo,258.86,Ana García,26.3,Pendiente,1,3.3,22.74,False
REC-000995,2025-06-06,Simple,110.61,Carlos López,14.0,Aprobado,0,4.5,12.85,False
REC-000996,2025-06-10,Simple,125.94,Carlos López,7.1,Aprobado,0,4.8,13.18,False
REC-000997,2025-09-08,Complejo,443.58,Ana García,13.9,Pendiente,1,3.4,24.62,False
REC-000998,2025-05-29,Simple,93.58,Ana García,9.1,Aprobado,0,4.6,13.5,True
REC-000999,2025-04-30,Simple,68.93,María Rodríguez,14.6,Aprobado,1,4.3,8.64,True
REC-001000,2025-06-17,Simple,90.95,Ana García,12.8,Rechazado,5,1.7,10.49,True
